    Z   N    A            t_1/2[s]
   20  30   50        9.976590e-01
   20  31   51        9.766380e-01
   20  32   52        1.101800e-01
   20  33   53        3.545870e-01
   20  34   54        1.873770e-02
   20  35   55        9.567860e-03
   20  36   56        7.377320e-03
   20  37   57        5.509370e-03
   20  38   58        3.913040e-03
   20  39   59        3.059820e-03
   20  40   60        2.524480e-03
   20  41   61        2.110200e-03
   21  29   50        5.618920e+01
   21  30   51        2.020270e+00
   21  31   52        1.567190e+00
   21  32   53        2.024780e-01
   21  33   54        1.780100e-01
   21  34   55        3.907320e-02
   21  35   56        1.875330e-02
   21  36   57        1.288520e-02
   21  37   58        9.353010e-03
   21  38   59        6.274740e-03
   21  39   60        4.711720e-03
   21  40   61        3.812330e-03
   21  41   62        3.133780e-03
   21  42   63        3.037070e-03
   21  43   64        2.641140e-03
   21  44   65        2.606260e-03
   21  45   66        2.342930e-03
   22  30   52        5.645280e+01
   22  31   53        6.923730e+00
   22  32   54        9.634130e-01
   22  33   55        5.813220e-01
   22  34   56        1.010500e-01
   22  35   57        4.681620e-02
   22  36   58        2.816010e-02
   22  37   59        1.787380e-02
   22  38   60        1.207680e-02
   22  39   61        8.619680e-03
   22  40   62        6.615210e-03
   22  41   63        5.247550e-03
   22  42   64        5.131050e-03
   22  43   65        4.425590e-03
   22  44   66        4.245800e-03
   22  45   67        3.726140e-03
   22  46   68        3.559560e-03
   22  47   69        2.934140e-03
   22  48   70        2.798390e-03
   22  49   71        2.513920e-03
   22  50   72        2.353120e-03
   22  51   73        2.215740e-03
   23  30   53        9.156010e+01
   23  31   54        1.045610e+01
   23  32   55        2.615550e+00
   23  33   56        8.404260e-01
   23  34   57        2.158570e-01
   23  35   58        1.217970e-01
   23  36   59        6.602620e-02
   23  37   60        3.306010e-02
   23  38   61        2.173040e-02
   23  39   62        1.460050e-02
   23  40   63        1.077860e-02
   23  41   64        8.383280e-03
   23  42   65        8.153100e-03
   23  43   66        7.007520e-03
   23  44   67        6.680040e-03
   23  45   68        5.878190e-03
   23  46   69        4.254850e-03
   23  47   70        3.757780e-03
   23  48   71        3.504580e-03
   23  49   72        3.018860e-03
   23  50   73        2.901040e-03
   23  51   74        2.532430e-03
   24  32   56        1.658520e+01
   24  33   57        2.800660e+00
   24  34   58        8.995350e-01
   24  35   59        3.290260e-01
   24  36   60        1.638780e-01
   24  37   61        7.419790e-02
   24  38   62        4.884940e-02
   24  39   63        2.841740e-02
   24  40   64        2.069840e-02
   24  41   65        1.533910e-02
   24  42   66        1.515700e-02
   24  43   67        1.272980e-02
   24  44   68        1.214630e-02
   24  45   69        1.046020e-02
   24  46   70        7.394570e-03
   24  47   71        6.110000e-03
   24  48   72        5.748290e-03
   24  49   73        4.675550e-03
   24  50   74        4.541930e-03
   24  51   75        3.740470e-03
   24  52   76        3.663380e-03
   24  53   77        3.318350e-03
   24  54   78        2.955730e-03
   24  55   79        2.873770e-03
   25  32   57        1.465070e+02
   25  33   58        1.877050e+02
   25  34   59        3.359720e+00
   25  35   60        1.530960e+00
   25  36   61        4.462150e-01
   25  37   62        5.620500e-01
   25  38   63        1.233570e-01
   25  39   64        7.331730e-02
   25  40   65        3.981680e-02
   25  41   66        2.874660e-02
   25  42   67        2.819080e-02
   25  43   68        2.326260e-02
   25  44   69        2.219430e-02
   25  45   70        1.122430e-02
   25  46   71        1.124900e-02
   25  47   72        9.546150e-03
   25  48   73        8.828320e-03
   25  49   74        7.412230e-03
   25  50   75        6.816560e-03
   25  51   76        6.236250e-03
   25  52   77        5.109540e-03
   25  53   78        4.475840e-03
   25  54   79        3.846970e-03
   25  55   80        3.346100e-03
   26  34   60        4.984370e+02
   26  35   61        2.486500e+01
   26  36   62        3.876460e+00
   26  37   63        1.085610e+00
   26  38   64        4.236650e-01
   26  39   65        3.222550e-01
   26  40   66        1.023890e-01
   26  41   67        6.685380e-02
   26  42   68        6.856850e-02
   26  43   69        5.476670e-02
   26  44   70        5.198880e-02
   26  45   71        4.343520e-02
   26  46   72        2.690220e-02
   26  47   73        2.062240e-02
   26  48   74        1.868670e-02
   26  49   75        1.591310e-02
   26  50   76        1.262130e-02
   26  51   77        1.159450e-02
   26  52   78        8.762520e-03
   26  53   79        7.520620e-03
   26  54   80        6.099290e-03
   26  55   81        5.110210e-03
   26  56   82        4.329030e-03
   26  57   83        4.213200e-03
   27  35   62        2.265940e+03
   27  36   63        6.947170e+01
   27  37   64        6.937770e+01
   27  38   65        2.052880e+00
   27  39   66        5.609430e+01
   27  40   67        2.836460e-01
   27  41   68        1.693800e-01
   27  42   69        1.641130e-01
   27  43   70        1.232610e-01
   27  44   71        1.118280e-01
   27  45   72        7.924080e-02
   27  46   73        7.756260e-02
   27  47   74        6.008860e-02
   27  48   75        5.689560e-02
   27  49   76        4.953510e-02
   27  50   77        3.458400e-02
   27  51   78        2.673900e-02
   27  52   79        1.925400e-02
   27  53   80        1.541280e-02
   27  54   81        1.107080e-02
   27  55   82        9.402940e-03
   27  56   83        6.865660e-03
   27  57   84        5.555940e-03
   27  58   85        4.131750e-03
   27  59   86        3.502960e-03
   27  60   87        3.004760e-03
   27  61   88        2.561910e-03
   28  40   68        2.926670e+02
   28  41   69        5.527940e+01
   28  42   70        4.837870e+01
   28  43   71        2.086030e+01
   28  44   72        1.346690e+01
   28  45   73        6.237850e+00
   28  46   74        3.590880e+00
   28  47   75        1.689970e+00
   28  48   76        9.713860e-01
   28  49   77        5.243440e-01
   28  50   78        2.557950e-01
   28  51   79        1.290490e-01
   28  52   80        6.165810e-02
   28  53   81        3.200320e-02
   28  54   82        1.912180e-02
   28  55   83        1.359370e-02
   28  56   84        9.630460e-03
   28  57   85        8.462940e-03
   28  58   86        5.653510e-03
   28  59   87        4.689020e-03
   28  60   88        3.954640e-03
   28  61   89        3.327810e-03
   28  62   90        2.904580e-03
   28  63   91        2.708470e-03
   28  64   92        2.424520e-03
   28  65   93        1.950700e-03
   29  39   68        5.065880e+04
   29  40   69        7.435160e+04
   29  41   70        8.250030e+02
   29  42   71        6.531160e+02
   29  43   72        1.026790e+02
   29  44   73        3.061300e+01
   29  45   74        7.337970e+00
   29  46   75        1.017010e+01
   29  47   76        3.931690e+00
   29  48   77        1.115770e+00
   29  49   78        7.764660e-01
   29  50   79        2.457580e-01
   29  51   80        1.936130e-01
   29  52   81        6.563130e-02
   29  53   82        4.272970e-02
   29  54   83        2.612650e-02
   29  55   84        1.821570e-02
   29  56   85        1.232250e-02
   29  57   86        1.091140e-02
   29  58   87        6.930840e-03
   29  59   88        6.343340e-03
   29  60   89        5.148410e-03
   29  61   90        4.270440e-03
   29  62   91        3.613270e-03
   29  63   92        3.249500e-03
   29  64   93        2.677460e-03
   29  65   94        2.251900e-03
   29  66   95        2.045070e-03
   29  67   96        1.717790e-03
   30  44   74        4.165540e+02
   30  45   75        2.393770e+01
   30  46   76        1.328530e+01
   30  47   77        5.115910e+00
   30  48   78        2.118870e+00
   30  49   79        7.269330e-01
   30  50   80        3.260050e-01
   30  51   81        1.842260e-01
   30  52   82        8.938890e-02
   30  53   83        5.714050e-02
   30  54   84        3.550890e-02
   30  55   85        2.450680e-02
   30  56   86        1.804770e-02
   30  57   87        1.632850e-02
   30  58   88        9.934490e-03
   30  59   89        8.150870e-03
   30  60   90        6.579120e-03
   30  61   91        5.468040e-03
   30  62   92        4.580470e-03
   30  63   93        3.913620e-03
   30  64   94        3.285110e-03
   30  65   95        2.841440e-03
   30  66   96        2.622750e-03
   30  67   97        2.135500e-03
   30  68   98        1.860680e-03
   30  69   99        1.571330e-03
   31  43   74        2.256250e+03
   31  44   75        1.718090e+03
   31  45   76        2.260780e+02
   31  46   77        8.016510e+01
   31  47   78        2.879450e+01
   31  48   79        4.360000e+00
   31  49   80        1.760370e+00
   31  50   81        4.965450e-01
   31  51   82        2.980710e-01
   31  52   83        1.191360e-01
   31  53   84        7.877040e-02
   31  54   85        4.688090e-02
   31  55   86        3.138770e-02
   31  56   87        2.239800e-02
   31  57   88        2.150080e-02
   31  58   89        1.240870e-02
   31  59   90        1.020860e-02
   31  60   91        8.069930e-03
   31  61   92        6.631420e-03
   31  62   93        5.567320e-03
   31  63   94        4.562270e-03
   31  64   95        3.975970e-03
   31  65   96        3.229270e-03
   31  66   97        2.978420e-03
   31  67   98        2.564210e-03
   31  68   99        2.238970e-03
   31  69   100       1.884020e-03
   31  70   101       1.663680e-03
   31  71   102       1.471300e-03
   32  48   80        4.858570e+01
   32  49   81        8.773150e+01
   32  50   82        6.061330e+01
   32  51   83        3.671010e+00
   32  52   84        2.562940e-01
   32  53   85        1.345790e-01
   32  54   86        7.831190e-02
   32  55   87        4.846880e-02
   32  56   88        3.452200e-02
   32  57   89        2.172550e-02
   32  58   90        1.851990e-02
   32  59   91        1.482280e-02
   32  60   92        1.169920e-02
   32  61   93        9.366630e-03
   32  62   94        7.810990e-03
   32  63   95        6.326990e-03
   32  64   96        5.438500e-03
   32  65   97        4.315330e-03
   32  66   98        3.984170e-03
   32  67   99        3.396430e-03
   32  68   100       2.896650e-03
   32  69   101       2.416150e-03
   32  70   102       2.147880e-03
   32  71   103       1.880210e-03
   33  47   80        1.636080e+03
   33  48   81        1.947490e+02
   33  49   82        1.713530e+02
   33  50   83        1.710460e+02
   33  51   84        6.400600e+00
   33  52   85        4.174940e-01
   33  53   86        2.384720e-01
   33  54   87        9.483750e-02
   33  55   88        5.351780e-02
   33  56   89        3.996020e-02
   33  57   90        2.597730e-02
   33  58   91        2.212640e-02
   33  59   92        1.754740e-02
   33  60   93        1.393340e-02
   33  61   94        1.120130e-02
   33  62   95        9.333870e-03
   33  63   96        7.662700e-03
   33  64   97        6.520480e-03
   33  65   98        5.418980e-03
   33  66   99        4.779840e-03
   33  67   100       4.040230e-03
   33  68   101       3.663340e-03
   33  69   102       3.141870e-03
   33  70   103       2.631900e-03
   33  71   104       2.266870e-03
   33  72   105       2.168520e-03
   33  73   106       1.929290e-03
   33  74   107       1.862350e-03
   33  75   108       1.643730e-03
   33  76   109       1.581420e-03
   33  77   110       1.395280e-03
   34  50   84        1.689460e+03
   34  51   85        3.355310e+01
   34  52   86        1.179190e+00
   34  53   87        6.055580e-01
   34  54   88        2.050790e-01
   34  55   89        1.092140e-01
   34  56   90        8.109880e-02
   34  57   91        5.110870e-02
   34  58   92        4.329270e-02
   34  59   93        3.545480e-02
   34  60   94        2.521900e-02
   34  61   95        1.934880e-02
   34  62   96        1.530800e-02
   34  63   97        1.204290e-02
   34  64   98        1.001290e-02
   34  65   99        8.147510e-03
   34  66   100       7.039110e-03
   34  67   101       5.754880e-03
   34  68   102       5.217480e-03
   34  69   103       4.364150e-03
   34  70   104       3.483250e-03
   34  71   105       3.001700e-03
   34  72   106       2.833850e-03
   34  73   107       2.487450e-03
   34  74   108       2.421200e-03
   34  75   109       2.092530e-03
   34  76   110       2.012780e-03
   34  77   111       1.769020e-03
   34  78   112       1.725790e-03
   34  79   113       1.596340e-03
   35  49   84        3.469890e+04
   35  50   85        1.357090e+04
   35  51   86        8.749570e+01
   35  52   87        2.301280e+00
   35  53   88        1.269760e+00
   35  54   89        5.367450e-01
   35  55   90        2.624570e-01
   35  56   91        1.565990e-01
   35  57   92        9.593190e-02
   35  58   93        7.663030e-02
   35  59   94        5.970950e-02
   35  60   95        4.083000e-02
   35  61   96        3.018940e-02
   35  62   97        2.254390e-02
   35  63   98        1.731870e-02
   35  64   99        1.391960e-02
   35  65   100       1.091310e-02
   35  66   101       9.446520e-03
   35  67   102       7.474140e-03
   35  68   103       6.947300e-03
   35  69   104       5.903490e-03
   35  70   105       4.664560e-03
   35  71   106       3.814640e-03
   35  72   107       3.405280e-03
   35  73   108       2.982590e-03
   35  74   109       2.850610e-03
   35  75   110       2.490070e-03
   35  76   111       2.363250e-03
   35  77   112       2.075980e-03
   35  78   113       2.005640e-03
   35  79   114       1.780290e-03
   35  80   115       1.760920e-03
   35  81   116       1.643320e-03
   36  52   88        8.314970e+00
   36  53   89        3.013480e+00
   36  54   90        8.828920e-01
   36  55   91        4.591910e-01
   36  56   92        3.492480e-01
   36  57   93        2.292190e-01
   36  58   94        1.843020e-01
   36  59   95        1.673370e-01
   36  60   96        8.568700e-02
   36  61   97        5.596850e-02
   36  62   98        3.989510e-02
   36  63   99        2.833760e-02
   36  64   100       2.250970e-02
   36  65   101       1.732880e-02
   36  66   102       1.456370e-02
   36  67   103       1.140660e-02
   36  68   104       1.013390e-02
   36  69   105       7.978330e-03
   36  70   106       6.047480e-03
   36  71   107       5.229590e-03
   36  72   108       4.699520e-03
   36  73   109       4.011800e-03
   36  74   110       3.828240e-03
   36  75   111       3.358790e-03
   36  76   112       3.219730e-03
   36  77   113       2.815580e-03
   36  78   114       2.742160e-03
   36  79   115       2.388450e-03
   36  80   116       2.363910e-03
   36  81   117       2.093890e-03
   37  51   88        1.776200e+03
   37  52   89        2.421030e+01
   37  53   90        5.597750e+00
   37  54   91        1.836680e+00
   37  55   92        1.713910e+00
   37  56   93        4.955250e-01
   37  57   94        2.452910e-01
   37  58   95        2.955480e-01
   37  59   96        4.322980e-01
   37  60   97        1.215510e-01
   37  61   98        1.192900e-01
   37  62   99        5.169230e-02
   37  63   100       6.320620e-02
   37  64   101       3.017710e-02
   37  65   102       3.294670e-02
   37  66   103       1.938160e-02
   37  67   104       1.505450e-02
   37  68   105       1.333680e-02
   37  69   106       1.420590e-02
   37  70   107       8.584200e-03
   37  71   108       6.742340e-03
   37  72   109       5.716850e-03
   37  73   110       4.826210e-03
   37  74   111       4.554610e-03
   37  75   112       3.955450e-03
   37  76   113       3.773820e-03
   37  77   114       3.322490e-03
   37  78   115       3.158080e-03
   37  79   116       2.824000e-03
   37  80   117       2.729640e-03
   37  81   118       2.402740e-03
   37  82   119       2.343700e-03
   37  83   120       2.206100e-03
   38  52   90        3.337460e+02
   38  53   91        2.803000e+01
   38  54   92        6.735580e+00
   38  55   93        2.785950e+00
   38  56   94        1.995300e+00
   38  57   95        1.198510e+00
   38  58   96        8.510280e-01
   38  59   97        8.041930e-01
   38  60   98        5.244030e-01
   38  61   99        3.255970e-01
   38  62   100       2.219820e-01
   38  63   101       1.586280e-01
   38  64   102       1.022580e-01
   38  65   103       6.749030e-02
   38  66   104       3.322760e-02
   38  67   105       2.487080e-02
   38  68   106       2.121880e-02
   38  69   107       2.314820e-02
   38  70   108       1.309200e-02
   38  71   109       9.300280e-03
   38  72   110       8.382490e-03
   38  73   111       6.974770e-03
   38  74   112       6.521580e-03
   38  75   113       5.580650e-03
   38  76   114       5.280980e-03
   38  77   115       4.616100e-03
   38  78   116       4.375540e-03
   38  79   117       3.883950e-03
   38  80   118       3.701760e-03
   38  81   119       3.291940e-03
   38  82   120       3.123790e-03
   38  83   121       2.948120e-03
   39  51   90        2.173680e+05
   39  52   91        3.427710e+03
   39  53   92        6.058130e+01
   39  54   93        1.556350e+01
   39  55   94        9.747660e+00
   39  56   95        2.081430e+00
   39  57   96        3.504160e+00
   39  58   97        6.685100e+00
   39  59   98        4.038950e+00
   39  60   99        2.063030e+00
   39  61   100       1.462470e+00
   39  62   101       6.591450e-01
   39  63   102       4.212120e-01
   39  64   103       2.440800e-01
   39  65   104       1.493870e-01
   39  66   105       1.094960e-01
   39  67   106       8.030910e-02
   39  68   107       5.781740e-02
   39  69   108       4.073620e-02
   39  70   109       1.734470e-02
   39  71   110       2.831730e-02
   39  72   111       1.044240e-02
   39  73   112       8.598400e-03
   39  74   113       7.915860e-03
   39  75   114       6.699880e-03
   39  76   115       6.284180e-03
   39  77   116       5.456720e-03
   39  78   117       5.165960e-03
   39  79   118       4.578500e-03
   39  80   119       4.348780e-03
   39  81   120       3.864880e-03
   39  82   121       3.624960e-03
   39  83   122       3.434480e-03
   39  84   123       3.226010e-03
   39  85   124       3.029490e-03
   40  57   97        1.283860e+01
   40  58   98        7.068660e+00
   40  59   99        2.252960e+00
   40  60   100       1.388120e+00
   40  61   101       6.726510e-01
   40  62   102       4.201570e-01
   40  63   103       2.401960e-01
   40  64   104       1.762480e-01
   40  65   105       1.183030e-01
   40  66   106       9.126260e-02
   40  67   107       6.336900e-02
   40  68   108       5.248110e-02
   40  69   109       3.631660e-02
   40  70   110       3.097850e-02
   40  71   111       2.067550e-02
   40  72   112       1.809060e-02
   40  73   113       1.459980e-02
   40  74   114       1.342260e-02
   40  75   115       1.120620e-02
   40  76   116       1.045450e-02
   40  77   117       8.966970e-03
   40  78   118       8.463940e-03
   40  79   119       7.384350e-03
   40  80   120       6.968020e-03
   40  81   121       6.126520e-03
   40  82   122       5.706010e-03
   40  83   123       5.318710e-03
   40  84   124       4.925280e-03
   40  85   125       4.551530e-03
   41  55   96        3.623050e+03
   41  56   97        1.588360e+02
   41  57   98        2.856520e+01
   41  58   99        1.646030e+01
   41  59   100       4.415470e+00
   41  60   101       2.584970e+00
   41  61   102       1.180670e+00
   41  62   103       6.931680e-01
   41  63   104       3.821890e-01
   41  64   105       2.702770e-01
   41  65   106       1.719560e-01
   41  66   107       1.328550e-01
   41  67   108       8.969070e-02
   41  68   109       7.476430e-02
   41  69   110       5.086010e-02
   41  70   111       4.423240e-02
   41  71   112       3.317410e-02
   41  72   113       2.661520e-02
   41  73   114       2.115940e-02
   41  74   115       1.937520e-02
   41  75   116       1.628350e-02
   41  76   117       1.491470e-02
   41  77   118       1.268670e-02
   41  78   119       1.188170e-02
   41  79   120       1.024200e-02
   41  80   121       9.705500e-03
   41  81   122       8.321690e-03
   41  82   123       7.868090e-03
   41  83   124       7.294010e-03
   41  84   125       6.796390e-03
   41  85   126       6.161160e-03
   41  86   127       5.507940e-03
   41  87   128       4.912560e-03
   42  60   102       2.668370e+01
   42  61   103       6.361090e+00
   42  62   104       3.500510e+00
   42  63   105       1.348060e+00
   42  64   106       9.397200e-01
   42  65   107       5.022770e-01
   42  66   108       3.670590e-01
   42  67   109       2.171200e-01
   42  68   110       1.769560e-01
   42  69   111       1.063780e-01
   42  70   112       9.286330e-02
   42  71   113       5.616130e-02
   42  72   114       4.887880e-02
   42  73   115       3.775980e-02
   42  74   116       3.419430e-02
   42  75   117       2.753750e-02
   42  76   118       2.528990e-02
   42  77   119       2.105980e-02
   42  78   120       1.954380e-02
   42  79   121       1.658890e-02
   42  80   122       1.547350e-02
   42  81   123       1.315270e-02
   42  82   124       1.220440e-02
   42  83   125       1.111830e-02
   42  84   126       1.006480e-02
   42  85   127       8.997180e-03
   42  86   128       8.013870e-03
   42  87   129       7.152300e-03
   42  88   130       5.929020e-03
   42  89   131       5.155410e-03
   42  90   132       4.439650e-03
   42  91   133       3.660710e-03
   42  92   134       3.330040e-03
   42  93   135       2.921840e-03
   43  59   102       2.734740e+02
   43  60   103       9.880230e+01
   43  61   104       2.414750e+01
   43  62   105       9.787500e+00
   43  63   106       2.842010e+00
   43  64   107       2.114710e+00
   43  65   108       9.885610e-01
   43  66   109       7.080120e-01
   43  67   110       3.820550e-01
   43  68   111       3.099280e-01
   43  69   112       1.867760e-01
   43  70   113       1.541000e-01
   43  71   114       9.108940e-02
   43  72   115       7.900720e-02
   43  73   116       5.973700e-02
   43  74   117       5.350540e-02
   43  75   118       4.270320e-02
   43  76   119       3.876940e-02
   43  77   120       3.209410e-02
   43  78   121       2.938630e-02
   43  79   122       2.453720e-02
   43  80   123       2.286110e-02
   43  81   124       1.923590e-02
   43  82   125       1.776000e-02
   43  83   126       1.619980e-02
   43  84   127       1.433300e-02
   43  85   128       1.261950e-02
   43  86   129       1.079160e-02
   43  87   130       7.951610e-03
   43  88   131       6.959070e-03
   43  89   132       6.151560e-03
   43  90   133       5.115820e-03
   43  91   134       4.410760e-03
   43  92   135       3.918850e-03
   43  93   136       3.595490e-03
   43  94   137       3.200830e-03
   43  95   138       2.863150e-03
   44  62   106       3.017070e+02
   44  63   107       1.943250e+01
   44  64   108       1.652650e+01
   44  65   109       4.666260e+00
   44  66   110       3.118550e+00
   44  67   111       1.295410e+00
   44  68   112       1.036150e+00
   44  69   113       5.339980e-01
   44  70   114       3.150850e-01
   44  71   115       2.082110e-01
   44  72   116       1.770300e-01
   44  73   117       1.269040e-01
   44  74   118       1.116490e-01
   44  75   119       8.596090e-02
   44  76   120       7.662560e-02
   44  77   121       6.140550e-02
   44  78   122       5.552980e-02
   44  79   123       4.520950e-02
   44  80   124       4.154660e-02
   44  81   125       3.381730e-02
   44  82   126       3.084560e-02
   44  83   127       2.722570e-02
   44  84   128       2.375600e-02
   44  85   129       2.010410e-02
   44  86   130       1.723070e-02
   44  87   131       1.187190e-02
   44  88   132       1.018670e-02
   44  89   133       8.701390e-03
   44  90   134       7.111190e-03
   44  91   135       5.974110e-03
   44  92   136       5.264840e-03
   44  93   137       4.490040e-03
   44  94   138       4.046530e-03
   44  95   139       3.839350e-03
   44  96   140       3.414310e-03
   44  97   141       2.997810e-03
   44  98   142       2.727870e-03
   44  99   143       2.397850e-03
   45  61   106       3.388720e+03
   45  62   107       2.034390e+03
   45  63   108       7.409770e+01
   45  64   109       8.067440e+01
   45  65   110       3.769170e+01
   45  66   111       9.527190e+00
   45  67   112       3.221010e+00
   45  68   113       2.556420e+00
   45  69   114       1.389480e+00
   45  70   115       6.286850e-01
   45  71   116       3.984610e-01
   45  72   117       3.308260e-01
   45  73   118       2.295680e-01
   45  74   119       1.993450e-01
   45  75   120       1.500270e-01
   45  76   121       1.326610e-01
   45  77   122       1.055050e-01
   45  78   123       9.384110e-02
   45  79   124       7.660490e-02
   45  80   125       6.836070e-02
   45  81   126       5.412120e-02
   45  82   127       4.936160e-02
   45  83   128       4.318570e-02
   45  84   129       3.614510e-02
   45  85   130       2.950100e-02
   45  86   131       2.063640e-02
   45  87   132       1.512250e-02
   45  88   133       1.276460e-02
   45  89   134       9.869780e-03
   45  90   135       8.795390e-03
   45  91   136       7.384310e-03
   45  92   137       6.406070e-03
   45  93   138       5.430810e-03
   45  94   139       4.863080e-03
   45  95   140       4.223800e-03
   45  96   141       3.914350e-03
   45  97   142       3.751240e-03
   45  98   143       3.364950e-03
   45  99   144       2.961650e-03
   45 100   145       2.722770e-03
   45 101   146       2.409660e-03
   46  66   112       1.780340e+02
   46  67   113       2.462430e+01
   46  68   114       8.048630e+00
   46  69   115       3.266850e+00
   46  70   116       2.421970e+00
   46  71   117       1.286900e+00
   46  72   118       1.032380e+00
   46  73   119       6.469620e-01
   46  74   120       5.446430e-01
   46  75   121       3.821500e-01
   46  76   122       3.307450e-01
   46  77   123       2.506730e-01
   46  78   124       2.186340e-01
   46  79   125       1.674350e-01
   46  80   126       1.499020e-01
   46  81   127       1.114660e-01
   46  82   128       1.006540e-01
   46  83   129       8.387430e-02
   46  84   130       6.689940e-02
   46  85   131       5.079070e-02
   46  86   132       3.567640e-02
   46  87   133       2.550480e-02
   46  88   134       1.987820e-02
   46  89   135       1.437730e-02
   46  90   136       1.293530e-02
   46  91   137       1.054380e-02
   46  92   138       9.087090e-03
   46  93   139       7.510080e-03
   46  94   140       6.707910e-03
   46  95   141       5.722350e-03
   46  96   142       5.144510e-03
   46  97   143       4.447990e-03
   46  98   144       4.083020e-03
   46  99   145       3.844580e-03
   46 100   146       3.539680e-03
   46 101   147       3.128280e-03
   47  65   112       7.892310e+02
   47  66   113       1.830780e+02
   47  67   114       4.844510e+01
   47  68   115       2.611270e+01
   47  69   116       8.952960e+00
   47  70   117       6.119640e+00
   47  71   118       3.132420e+00
   47  72   119       2.313530e+00
   47  73   120       1.380090e+00
   47  74   121       1.135210e+00
   47  75   122       7.780690e-01
   47  76   123       6.591140e-01
   47  77   124       4.900150e-01
   47  78   125       4.227480e-01
   47  79   126       3.223420e-01
   47  80   127       2.816730e-01
   47  81   128       2.108550e-01
   47  82   129       1.823370e-01
   47  83   130       1.476240e-01
   47  84   131       1.072390e-01
   47  85   132       7.658390e-02
   47  86   133       4.908730e-02
   47  87   134       3.253240e-02
   47  88   135       2.650290e-02
   47  89   136       1.912040e-02
   47  90   137       1.704960e-02
   47  91   138       1.389900e-02
   47  92   139       1.176150e-02
   47  93   140       9.582620e-03
   47  94   141       8.506850e-03
   47  95   142       7.162470e-03
   47  96   143       6.408380e-03
   47  97   144       5.496900e-03
   47  98   145       5.012000e-03
   47  99   146       4.327790e-03
   47 100   147       4.018290e-03
   47 101   148       3.607420e-03
   47 102   149       3.295610e-03
   47 103   150       2.983480e-03
   48  70   118       7.944890e+01
   48  71   119       2.389990e+01
   48  72   120       1.650750e+01
   48  73   121       7.669820e+00
   48  74   122       5.900940e+00
   48  75   123       3.503410e+00
   48  76   124       2.853320e+00
   48  77   125       1.939040e+00
   48  78   126       1.586610e+00
   48  79   127       1.085430e+00
   48  80   128       9.493200e-01
   48  81   129       6.249340e-01
   48  82   130       5.309650e-01
   48  83   131       3.732670e-01
   48  84   132       2.302800e-01
   48  85   133       1.445820e-01
   48  86   134       1.069580e-01
   48  87   135       5.613210e-02
   48  88   136       4.485130e-02
   48  89   137       2.956420e-02
   48  90   138       2.620390e-02
   48  91   139       2.023670e-02
   48  92   140       1.708290e-02
   48  93   141       1.346500e-02
   48  94   142       1.188730e-02
   48  95   143       9.772830e-03
   48  96   144       8.714040e-03
   48  97   145       7.303480e-03
   48  98   146       6.672410e-03
   48  99   147       5.657720e-03
   48 100   148       5.277380e-03
   48 101   149       4.559430e-03
   48 102   150       4.295680e-03
   48 103   151       3.866290e-03
   48 104   152       3.558790e-03
   48 105   153       3.182180e-03
   48 106   154       2.930040e-03
   48 107   155       2.630290e-03
   48 108   156       2.464590e-03
   48 109   157       2.166870e-03
   49  75   124       6.775500e+00
   49  76   125       5.348390e+00
   49  77   126       3.636710e+00
   49  78   127       3.018540e+00
   49  79   128       2.157260e+00
   49  80   129       1.850240e+00
   49  81   130       1.364860e+00
   49  82   131       1.057730e+00
   49  83   132       6.917630e-01
   49  84   133       3.550490e-01
   49  85   134       1.995810e-01
   49  86   135       1.437140e-01
   49  87   136       8.627660e-02
   49  88   137       6.837390e-02
   49  89   138       4.943520e-02
   49  90   139       3.835580e-02
   49  91   140       2.840650e-02
   49  92   141       2.413820e-02
   49  93   142       1.842010e-02
   49  94   143       1.639660e-02
   49  95   144       1.313850e-02
   49  96   145       1.179930e-02
   49  97   146       9.772310e-03
   49  98   147       8.902180e-03
   49  99   148       7.494670e-03
   49 100   149       6.945150e-03
   49 101   150       5.933740e-03
   49 102   151       5.540450e-03
   49 103   152       4.858380e-03
   49 104   153       4.475820e-03
   49 105   154       3.947270e-03
   49 106   155       3.662190e-03
   49 107   156       3.256210e-03
   49 108   157       3.024230e-03
   49 109   158       2.677470e-03
   49 110   159       2.527060e-03
   49 111   160       2.238870e-03
   50  78   128       2.164570e+06
   50  79   129       3.501070e+04
   50  80   130       1.479590e+04
   50  81   131       1.840390e+03
   50  82   132       5.655390e+02
   50  83   133       2.948680e+00
   50  84   134       8.825630e-01
   50  85   135       4.198180e-01
   50  86   136       2.696000e-01
   50  87   137       1.587000e-01
   50  88   138       1.223210e-01
   50  89   139       8.195780e-02
   50  90   140       6.781870e-02
   50  91   141       4.725940e-02
   50  92   142       4.034270e-02
   50  93   143       2.753380e-02
   50  94   144       2.646550e-02
   50  95   145       1.881540e-02
   50  96   146       1.677910e-02
   50  97   147       1.372970e-02
   50  98   148       1.248760e-02
   50  99   149       1.040540e-02
   50 100   150       9.439600e-03
   50 101   151       7.921550e-03
   50 102   152       7.315140e-03
   50 103   153       6.242870e-03
   50 104   154       5.816390e-03
   50 105   155       5.140670e-03
   50 106   156       4.759810e-03
   50 107   157       4.155330e-03
   50 108   158       3.915860e-03
   50 109   159       3.425210e-03
   50 110   160       3.265790e-03
   50 111   161       2.876390e-03
   50 112   162       2.765960e-03
   50 113   163       2.461060e-03
   51  77   128       1.925730e+06
   51  78   129       3.561360e+07
   51  79   130       3.238780e+05
   51  80   131       1.754970e+05
   51  81   132       1.074710e+04
   51  82   133       4.415760e+03
   51  83   134       1.829630e+01
   51  84   135       1.488910e+00
   51  85   136       5.841490e-01
   51  86   137       4.180270e-01
   51  87   138       2.009990e-01
   51  88   139       1.478930e-01
   51  89   140       8.778910e-02
   51  90   141       7.814490e-02
   51  91   142       5.459350e-02
   51  92   143       4.577420e-02
   51  93   144       3.365030e-02
   51  94   145       3.023500e-02
   51  95   146       2.326680e-02
   51  96   147       2.253120e-02
   51  97   148       1.816350e-02
   51  98   149       1.605730e-02
   51  99   150       1.312810e-02
   51 100   151       1.186830e-02
   51 101   152       9.958610e-03
   51 102   153       9.039870e-03
   51 103   154       7.670320e-03
   51 104   155       7.096680e-03
   51 105   156       6.100100e-03
   51 106   157       5.681360e-03
   51 107   158       4.980980e-03
   51 108   159       4.654690e-03
   51 109   160       4.125440e-03
   51 110   161       3.887470e-03
   51 111   162       3.503630e-03
   51 112   163       3.317270e-03
   51 113   164       2.957470e-03
   51 114   165       2.839400e-03
   51 115   166       2.537700e-03
   51 116   167       2.453450e-03
   51 117   168       2.221590e-03
   52  82   134       7.244270e+03
   52  83   135       1.589710e+01
   52  84   136       3.719760e+00
   52  85   137       1.173970e+00
   52  86   138       7.053520e-01
   52  87   139       3.436340e-01
   52  88   140       2.567260e-01
   52  89   141       1.400470e-01
   52  90   142       1.252310e-01
   52  91   143       8.708670e-02
   52  92   144       7.190710e-02
   52  93   145       5.124910e-02
   52  94   146       4.569180e-02
   52  95   147       3.500970e-02
   52  96   148       3.131870e-02
   52  97   149       2.440530e-02
   52  98   150       2.237690e-02
   52  99   151       1.883860e-02
   52 100   152       1.682590e-02
   52 101   153       1.365960e-02
   52 102   154       1.244810e-02
   52 103   155       1.043510e-02
   52 104   156       9.533690e-03
   52 105   157       8.055120e-03
   52 106   158       7.474830e-03
   52 107   159       6.407440e-03
   52 108   160       5.997130e-03
   52 109   161       5.295530e-03
   52 110   162       4.935800e-03
   52 111   163       4.380380e-03
   52 112   164       4.332680e-03
   52 113   165       3.787400e-03
   52 114   166       3.649180e-03
   52 115   167       3.243350e-03
   52 116   168       3.125740e-03
   52 117   169       2.809870e-03
   52 118   170       2.705170e-03
   52 119   171       2.454820e-03
   53  81   134       3.093850e+05
   53  82   135       1.053170e+05
   53  83   136       8.563980e+01
   53  84   137       6.924950e+00
   53  85   138       1.521280e+00
   53  86   139       1.143870e+00
   53  87   140       5.481550e-01
   53  88   141       3.951120e-01
   53  89   142       2.123800e-01
   53  90   143       1.852860e-01
   53  91   144       1.224480e-01
   53  92   145       1.023770e-01
   53  93   146       6.855950e-02
   53  94   147       6.263800e-02
   53  95   148       4.600130e-02
   53  96   149       4.146640e-02
   53  97   150       3.195290e-02
   53  98   151       2.896610e-02
   53  99   152       2.413000e-02
   53 100   153       2.132000e-02
   53 101   154       1.711460e-02
   53 102   155       1.554000e-02
   53 103   156       1.295930e-02
   53 104   157       1.176800e-02
   53 105   158       9.897020e-03
   53 106   159       9.105430e-03
   53 107   160       7.740580e-03
   53 108   161       7.201700e-03
   53 109   162       6.223490e-03
   53 110   163       5.804160e-03
   53 111   164       5.131860e-03
   53 112   165       4.795420e-03
   53 113   166       4.268040e-03
   53 114   167       4.125360e-03
   53 115   168       3.911670e-03
   53 116   169       3.732490e-03
   53 117   170       3.200380e-03
   53 118   171       3.192260e-03
   53 119   172       2.875680e-03
   53 120   173       2.766540e-03
   53 121   174       2.513070e-03
   53 122   175       2.411870e-03
   53 123   176       2.197410e-03
   54  84   138       2.774500e+01
   54  85   139       3.713360e+00
   54  86   140       2.914470e+00
   54  87   141       1.190310e+00
   54  88   142       8.638320e-01
   54  89   143       4.095890e-01
   54  90   144       3.703520e-01
   54  91   145       2.317810e-01
   54  92   146       1.934100e-01
   54  93   147       1.373550e-01
   54  94   148       1.128450e-01
   54  95   149       8.148950e-02
   54  96   150       7.120230e-02
   54  97   151       5.720030e-02
   54  98   152       4.791450e-02
   54  99   153       3.707680e-02
   54 100   154       3.348000e-02
   54 101   155       2.686990e-02
   54 102   156       2.381150e-02
   54 103   157       1.930440e-02
   54 104   158       1.742010e-02
   54 105   159       1.413350e-02
   54 106   160       1.306800e-02
   54 107   161       1.087760e-02
   54 108   162       1.003360e-02
   54 109   163       8.494970e-03
   54 110   164       7.904540e-03
   54 111   165       6.914200e-03
   54 112   166       6.428390e-03
   54 113   167       5.711890e-03
   54 114   168       5.380770e-03
   54 115   169       4.892100e-03
   54 116   170       4.866580e-03
   54 117   171       4.128560e-03
   54 118   172       4.114360e-03
   54 119   173       3.677640e-03
   54 120   174       3.509990e-03
   54 121   175       3.155980e-03
   54 122   176       3.019770e-03
   54 123   177       2.719190e-03
   54 124   178       2.608250e-03
   54 125   179       2.349150e-03
   55  83   138       4.369130e+02
   55  84   139       6.612910e+01
   55  85   140       7.579850e+00
   55  86   141       6.151230e+00
   55  87   142       2.209600e+00
   55  88   143       1.556560e+00
   55  89   144       6.852420e-01
   55  90   145       6.164170e-01
   55  91   146       3.758400e-01
   55  92   147       3.005600e-01
   55  93   148       1.936120e-01
   55  94   149       1.662600e-01
   55  95   150       1.227570e-01
   55  96   151       1.006660e-01
   55  97   152       8.295520e-02
   55  98   153       6.529760e-02
   55  99   154       4.991200e-02
   55 100   155       4.449380e-02
   55 101   156       3.784050e-02
   55 102   157       3.082950e-02
   55 103   158       2.457330e-02
   55 104   159       2.172450e-02
   55 105   160       1.761200e-02
   55 106   161       1.589170e-02
   55 107   162       1.315360e-02
   55 108   163       1.213380e-02
   55 109   164       1.040380e-02
   55 110   165       9.641140e-03
   55 111   166       8.651950e-03
   55 112   167       7.868430e-03
   55 113   168       6.992140e-03
   55 114   169       6.549440e-03
   55 115   170       5.818820e-03
   55 116   171       5.438220e-03
   55 117   172       4.808930e-03
   55 118   173       4.635510e-03
   55 119   174       4.068410e-03
   55 120   175       4.008130e-03
   55 121   176       3.593670e-03
   55 122   177       3.546580e-03
   55 123   178       3.163230e-03
   55 124   179       3.036460e-03
   55 125   180       2.721780e-03
   55 126   181       2.603080e-03
   55 127   182       2.470850e-03
   56  84   140       1.531430e+03
   56  85   141       2.880120e+01
   56  86   142       2.949710e+01
   56  87   143       7.678750e+00
   56  88   144       5.372940e+00
   56  89   145       1.794090e+00
   56  90   146       1.734030e+00
   56  91   147       9.008890e-01
   56  92   148       7.356800e-01
   56  93   149       4.252580e-01
   56  94   150       3.727980e-01
   56  95   151       2.697270e-01
   56  96   152       2.120180e-01
   56  97   153       1.549380e-01
   56  98   154       1.279620e-01
   56  99   155       9.156270e-02
   56 100   156       8.157770e-02
   56 101   157       6.165540e-02
   56 102   158       5.360690e-02
   56 103   159       4.181460e-02
   56 104   160       3.552330e-02
   56 105   161       2.756110e-02
   56 106   162       2.451020e-02
   56 107   163       1.953660e-02
   56 108   164       1.787690e-02
   56 109   165       1.498870e-02
   56 110   166       1.379880e-02
   56 111   167       1.156370e-02
   56 112   168       1.101840e-02
   56 113   169       9.713200e-03
   56 114   170       8.906770e-03
   56 115   171       7.746290e-03
   56 116   172       7.300480e-03
   56 117   173       6.401330e-03
   56 118   174       6.098140e-03
   56 119   175       5.383610e-03
   56 120   176       5.446130e-03
   56 121   177       4.816820e-03
   56 122   178       4.577920e-03
   56 123   179       4.059320e-03
   56 124   180       3.864170e-03
   56 125   181       3.436420e-03
   56 126   182       3.259580e-03
   56 127   183       3.087590e-03
   57  84   141       8.390330e+03
   57  85   142       8.166030e+01
   57  86   143       1.027510e+02
   57  87   144       1.593170e+01
   57  88   145       1.253610e+01
   57  89   146       4.033050e+00
   57  90   147       3.565800e+00
   57  91   148       1.734030e+00
   57  92   149       1.340600e+00
   57  93   150       6.660780e-01
   57  94   151       6.110560e-01
   57  95   152       4.249980e-01
   57  96   153       3.156520e-01
   57  97   154       2.468880e-01
   57  98   155       1.813820e-01
   57  99   156       1.261750e-01
   57 100   157       1.136450e-01
   57 101   158       9.607020e-02
   57 102   159       7.418050e-02
   57 103   160       6.516590e-02
   57 104   161       4.880950e-02
   57 105   162       3.766360e-02
   57 106   163       3.314940e-02
   57 107   164       2.618540e-02
   57 108   165       2.371780e-02
   57 109   166       1.928850e-02
   57 110   167       1.694590e-02
   57 111   168       1.414690e-02
   57 112   169       1.340570e-02
   57 113   170       1.189900e-02
   57 114   171       1.079400e-02
   57 115   172       9.400640e-03
   57 116   173       8.774520e-03
   57 117   174       7.721410e-03
   57 118   175       7.249180e-03
   57 119   176       6.475610e-03
   57 120   177       6.174200e-03
   57 121   178       5.505010e-03
   57 122   179       5.420730e-03
   57 123   180       4.787730e-03
   57 124   181       4.557980e-03
   57 125   182       4.016980e-03
   57 126   183       3.837850e-03
   57 127   184       3.598880e-03
   58  86   144       1.376180e+04
   58  87   145       2.623530e+02
   58  88   146       1.947140e+02
   58  89   147       1.825490e+01
   58  90   148       2.530620e+01
   58  91   149       7.191740e+00
   58  92   150       6.502750e+00
   58  93   151       3.062460e+00
   58  94   152       2.129660e+00
   58  95   153       9.589030e-01
   58  96   154       8.633300e-01
   58  97   155       5.189170e-01
   58  98   156       4.242320e-01
   58  99   157       2.620880e-01
   58 100   158       2.405410e-01
   58 101   159       1.654900e-01
   58 102   160       1.474900e-01
   58 103   161       1.176450e-01
   58 104   162       9.036620e-02
   58 105   163       7.283420e-02
   58 106   164       5.616170e-02
   58 107   165       4.151870e-02
   58 108   166       3.744490e-02
   58 109   167       2.912660e-02
   58 110   168       2.702000e-02
   58 111   169       2.210340e-02
   58 112   170       2.060360e-02
   58 113   171       1.694160e-02
   58 114   172       1.594840e-02
   58 115   173       1.362610e-02
   58 116   174       1.248910e-02
   58 117   175       1.083450e-02
   58 118   176       1.008390e-02
   58 119   177       8.717990e-03
   58 120   178       8.943360e-03
   58 121   179       7.480610e-03
   58 122   180       7.315910e-03
   58 123   181       6.393430e-03
   58 124   182       6.029220e-03
   58 125   183       5.296560e-03
   58 126   184       4.973910e-03
   58 127   185       4.651750e-03
   59  87   146       1.224640e+02
   59  88   147       1.360130e+02
   59  89   148       9.468370e+01
   59  90   149       5.197400e+01
   59  91   150       1.654640e+01
   59  92   151       1.119770e+01
   59  93   152       5.729000e+00
   59  94   153       3.326390e+00
   59  95   154       1.371410e+00
   59  96   155       1.271760e+00
   59  97   156       8.155880e-01
   59  98   157       6.026280e-01
   59  99   158       4.079620e-01
   59 100   159       3.351470e-01
   59 101   160       2.297690e-01
   59 102   161       2.035620e-01
   59 103   162       1.807830e-01
   59 104   163       1.569480e-01
   59 105   164       1.144170e-01
   59 106   165       9.534720e-02
   59 107   166       6.089590e-02
   59 108   167       5.868430e-02
   59 109   168       4.378210e-02
   59 110   169       3.529340e-02
   59 111   170       2.904870e-02
   59 112   171       2.698580e-02
   59 113   172       2.188160e-02
   59 114   173       2.042730e-02
   59 115   174       1.738490e-02
   59 116   175       1.566100e-02
   59 117   176       1.322230e-02
   59 118   177       1.239430e-02
   59 119   178       1.068910e-02
   59 120   179       1.028670e-02
   59 121   180       8.995530e-03
   59 122   181       8.880690e-03
   59 123   182       7.728300e-03
   59 124   183       7.283420e-03
   59 125   184       6.351340e-03
   59 126   185       5.973850e-03
   59 127   186       5.531060e-03
   60  92   152       1.884270e+02
   60  93   153       2.858600e+01
   60  94   154       1.967510e+01
   60  95   155       3.972350e+00
   60  96   156       4.865640e+00
   60  97   157       2.458310e+00
   60  98   158       1.860860e+00
   60  99   159       1.033680e+00
   60 100   160       9.130580e-01
   60 101   161       5.954790e-01
   60 102   162       5.067860e-01
   60 103   163       3.502260e-01
   60 104   164       2.863960e-01
   60 105   165       1.910430e-01
   60 106   166       1.606050e-01
   60 107   167       1.077710e-01
   60 108   168       9.328870e-02
   60 109   169       6.623130e-02
   60 110   170       5.887220e-02
   60 111   171       4.705510e-02
   60 112   172       4.291370e-02
   60 113   173       3.430310e-02
   60 114   174       3.181830e-02
   60 115   175       2.660590e-02
   60 116   176       2.361710e-02
   60 117   177       1.956460e-02
   60 118   178       1.828490e-02
   60 119   179       1.558370e-02
   60 120   180       1.586160e-02
   60 121   181       1.346700e-02
   60 122   182       1.253130e-02
   60 123   183       1.078390e-02
   60 124   184       1.008170e-02
   60 125   185       8.734340e-03
   60 126   186       8.136930e-03
   60 127   187       7.460430e-03
   61  91   152       2.172850e+04
   61  92   153       1.545880e+03
   61  93   154       2.896420e+02
   61  94   155       9.197710e+01
   61  95   156       2.504190e+01
   61  96   157       1.741120e+01
   61  97   158       7.616640e+00
   61  98   159       5.448760e+00
   61  99   160       2.726340e+00
   61 100   161       2.304690e+00
   61 101   162       1.357540e+00
   61 102   163       1.109280e+00
   61 103   164       6.765850e-01
   61 104   165       5.406070e-01
   61 105   166       3.409320e-01
   61 106   167       2.697590e-01
   61 107   168       1.526470e-01
   61 108   169       1.443890e-01
   61 109   170       8.834170e-02
   61 110   171       7.942570e-02
   61 111   172       6.192530e-02
   61 112   173       5.767540e-02
   61 113   174       4.579610e-02
   61 114   175       4.239140e-02
   61 115   176       3.543920e-02
   61 116   177       3.101340e-02
   61 117   178       2.552400e-02
   61 118   179       2.365240e-02
   61 119   180       2.010190e-02
   61 120   181       1.892950e-02
   61 121   182       1.697990e-02
   61 122   183       1.571290e-02
   61 123   184       1.342560e-02
   61 124   185       1.249560e-02
   61 125   186       1.079400e-02
   61 126   187       1.003160e-02
   61 127   188       9.112840e-03
   62  94   156       1.362940e+03
   62  95   157       5.632340e+01
   62  96   158       9.033560e+01
   62  97   159       2.772060e+01
   62  98   160       1.943410e+01
   62  99   161       8.116740e+00
   62 100   162       6.677660e+00
   62 101   163       2.869590e+00
   62 102   164       2.751670e+00
   62 103   165       1.649510e+00
   62 104   166       1.173700e+00
   62 105   167       6.782730e-01
   62 106   168       5.269420e-01
   62 107   169       3.112060e-01
   62 108   170       2.606380e-01
   62 109   171       1.708830e-01
   62 110   172       1.478150e-01
   62 111   173       1.081390e-01
   62 112   174       9.908810e-02
   62 113   175       7.682960e-02
   62 114   176       7.124270e-02
   62 115   177       5.714630e-02
   62 116   178       4.713720e-02
   62 117   179       3.847560e-02
   62 118   180       3.624300e-02
   62 119   181       3.006860e-02
   62 120   182       3.140060e-02
   62 121   183       2.516340e-02
   62 122   184       2.382800e-02
   62 123   185       1.999310e-02
   62 124   186       1.854220e-02
   62 125   187       1.575390e-02
   62 126   188       1.463210e-02
   62 127   189       1.304180e-02
   63  93   156       4.210870e+03
   63  94   157       8.406770e+02
   63  95   158       3.152350e+02
   63  96   159       9.376670e+01
   63  97   160       3.568750e+01
   63  98   161       2.413560e+01
   63  99   162       3.024170e+01
   63 100   163       9.339320e+00
   63 101   164       5.062560e+00
   63 102   165       4.156430e+00
   63 103   166       2.557900e+00
   63 104   167       1.776000e+00
   63 105   168       1.063970e+00
   63 106   169       7.954210e-01
   63 107   170       4.820610e-01
   63 108   171       3.923520e-01
   63 109   172       2.552590e-01
   63 110   173       2.133550e-01
   63 111   174       1.513250e-01
   63 112   175       1.331820e-01
   63 113   176       1.017760e-01
   63 114   177       8.936400e-02
   63 115   178       6.768450e-02
   63 116   179       6.093060e-02
   63 117   180       4.973620e-02
   63 118   181       4.825690e-02
   63 119   182       3.955990e-02
   63 120   183       3.792520e-02
   63 121   184       3.320230e-02
   63 122   185       3.118750e-02
   63 123   186       2.585260e-02
   63 124   187       2.400680e-02
   63 125   188       2.012540e-02
   63 126   189       1.884700e-02
   63 127   190       1.653810e-02
   63 128   191       1.388500e-02
   63 129   192       1.178310e-02
   64  98   162       1.450800e+03
   64  99   163       2.395160e+02
   64 100   164       1.646170e+02
   64 101   165       2.515460e+01
   64 102   166       2.503720e+01
   64 103   167       8.422250e+00
   64 104   168       5.781750e+00
   64 105   169       3.036700e+00
   64 106   170       1.902190e+00
   64 107   171       1.108240e+00
   64 108   172       8.176980e-01
   64 109   173       5.230410e-01
   64 110   174       4.275390e-01
   64 111   175       2.937580e-01
   64 112   176       2.546970e-01
   64 113   177       1.898640e-01
   64 114   178       1.601480e-01
   64 115   179       1.143760e-01
   64 116   180       1.052880e-01
   64 117   181       8.333430e-02
   64 118   182       7.761770e-02
   64 119   183       6.248180e-02
   64 120   184       6.064030e-02
   64 121   185       5.497310e-02
   64 122   186       5.243300e-02
   64 123   187       4.231320e-02
   64 124   188       3.877860e-02
   64 125   189       3.190780e-02
   64 126   190       2.957830e-02
   64 127   191       2.537060e-02
   64 128   192       2.053300e-02
   64 129   193       1.705430e-02
   64 130   194       1.451200e-02
   64 131   195       1.149660e-02
   64 132   196       1.022240e-02
   64 133   197       8.325370e-03
   64 134   198       7.924330e-03
   64 135   199       7.021440e-03
   64 136   200       6.540560e-03
   64 137   201       5.807340e-03
   64 138   202       5.400330e-03
   64 139   203       4.822610e-03
   64 140   204       4.484300e-03
   64 141   205       3.955370e-03
   64 142   206       3.770630e-03
   64 143   207       3.357520e-03
   65  97   162       2.152430e+04
   65  98   163       7.744860e+03
   65  99   164       4.295200e+03
   65 100   165       8.458060e+02
   65 101   166       6.388030e+01
   65 102   167       6.653200e+01
   65 103   168       1.713080e+01
   65 104   169       1.171520e+01
   65 105   170       5.424470e+00
   65 106   171       3.411800e+00
   65 107   172       1.837530e+00
   65 108   173       1.177560e+00
   65 109   174       8.086140e-01
   65 110   175       6.220680e-01
   65 111   176       4.275910e-01
   65 112   177       3.684570e-01
   65 113   178       2.684460e-01
   65 114   179       2.313030e-01
   65 115   180       1.533570e-01
   65 116   181       1.454020e-01
   65 117   182       1.128910e-01
   65 118   183       1.036210e-01
   65 119   184       8.514940e-02
   65 120   185       7.994290e-02
   65 121   186       7.516260e-02
   65 122   187       7.087320e-02
   65 123   188       5.643020e-02
   65 124   189       5.209210e-02
   65 125   190       4.189710e-02
   65 126   191       3.941770e-02
   65 127   192       3.326300e-02
   65 128   193       2.669000e-02
   65 129   194       2.143690e-02
   65 130   195       1.798390e-02
   65 131   196       1.436760e-02
   65 132   197       1.272550e-02
   65 133   198       1.035740e-02
   65 134   199       9.428420e-03
   65 135   200       8.715580e-03
   65 136   201       8.001770e-03
   65 137   202       7.036360e-03
   65 138   203       6.662370e-03
   65 139   204       5.936890e-03
   65 140   205       5.473470e-03
   65 141   206       4.796840e-03
   65 142   207       4.556960e-03
   65 143   208       4.037350e-03
   65 144   209       3.842960e-03
   65 145   210       3.456630e-03
   66 100   166       1.315970e+05
   66 101   167       2.193500e+02
   66 102   168       4.205390e+02
   66 103   169       5.528860e+01
   66 104   170       4.073120e+01
   66 105   171       8.537110e+00
   66 106   172       9.887080e+00
   66 107   173       4.214530e+00
   66 108   174       3.625910e+00
   66 109   175       1.809870e+00
   66 110   176       1.648140e+00
   66 111   177       1.018810e+00
   66 112   178       8.676690e-01
   66 113   179       5.806200e-01
   66 114   180       4.866400e-01
   66 115   181       3.153120e-01
   66 116   182       2.759820e-01
   66 117   183       2.063210e-01
   66 118   184       1.881290e-01
   66 119   185       1.438100e-01
   66 120   186       1.427030e-01
   66 121   187       1.192800e-01
   66 122   188       1.388110e-01
   66 123   189       1.053320e-01
   66 124   190       9.509030e-02
   66 125   191       7.452840e-02
   66 126   192       6.809790e-02
   66 127   193       5.544680e-02
   66 128   194       4.217440e-02
   66 129   195       3.287290e-02
   66 130   196       2.726020e-02
   66 131   197       2.089430e-02
   66 132   198       1.812370e-02
   66 133   199       1.439960e-02
   66 134   200       1.347390e-02
   66 135   201       1.150480e-02
   66 136   202       1.068570e-02
   66 137   203       9.354250e-03
   66 138   204       8.765410e-03
   66 139   205       7.745640e-03
   66 140   206       7.096140e-03
   66 141   207       6.136750e-03
   66 142   208       5.820820e-03
   66 143   209       5.104200e-03
   66 144   210       4.838730e-03
   66 145   211       4.327200e-03
   66 146   212       4.063300e-03
   66 147   213       3.675150e-03
   67 100   167       2.042650e+05
   67 101   168       4.183750e+02
   67 102   169       8.715770e+02
   67 103   170       1.065070e+02
   67 104   171       6.720370e+01
   67 105   172       1.028680e+01
   67 106   173       1.603130e+01
   67 107   174       8.448120e+00
   67 108   175       6.107360e+00
   67 109   176       3.845840e+00
   67 110   177       2.742430e+00
   67 111   178       1.498800e+00
   67 112   179       1.399470e+00
   67 113   180       9.185170e-01
   67 114   181       7.891080e-01
   67 115   182       5.052570e-01
   67 116   183       3.728700e-01
   67 117   184       2.735180e-01
   67 118   185       2.467610e-01
   67 119   186       1.816220e-01
   67 120   187       1.939510e-01
   67 121   188       1.644450e-01
   67 122   189       2.041510e-01
   67 123   190       1.499650e-01
   67 124   191       1.416990e-01
   67 125   192       1.079460e-01
   67 126   193       9.928140e-02
   67 127   194       8.421850e-02
   67 128   195       6.086410e-02
   67 129   196       5.283230e-02
   67 130   197       3.538110e-02
   67 131   198       2.692550e-02
   67 132   199       2.316330e-02
   67 133   200       1.819580e-02
   67 134   201       1.729310e-02
   67 135   202       1.425480e-02
   67 136   203       1.316670e-02
   67 137   204       1.135420e-02
   67 138   205       1.079610e-02
   67 139   206       9.469550e-03
   67 140   207       8.620690e-03
   67 141   208       7.394730e-03
   67 142   209       7.000820e-03
   67 143   210       6.126590e-03
   67 144   211       5.752980e-03
   67 145   212       5.180490e-03
   67 146   213       4.778430e-03
   67 147   214       4.294960e-03
   67 148   215       4.008600e-03
   67 149   216       3.600190e-03
   67 150   217       3.405300e-03
   67 151   218       3.086080e-03
   68 104   172       1.981630e+03
   68 105   173       1.515650e+02
   68 106   174       1.523620e+02
   68 107   175       4.226710e+01
   68 108   176       3.858220e+01
   68 109   177       1.319710e+01
   68 110   178       1.301200e+01
   68 111   179       5.706660e+00
   68 112   180       5.249130e+00
   68 113   181       2.826550e+00
   68 114   182       2.425450e+00
   68 115   183       1.302320e+00
   68 116   184       9.075230e-01
   68 117   185       6.278520e-01
   68 118   186       5.529510e-01
   68 119   187       3.661380e-01
   68 120   188       3.918110e-01
   68 121   189       3.228550e-01
   68 122   190       4.592420e-01
   68 123   191       3.156520e-01
   68 124   192       2.803340e-01
   68 125   193       2.018520e-01
   68 126   194       1.818510e-01
   68 127   195       1.369630e-01
   68 128   196       9.575150e-02
   68 129   197       6.883810e-02
   68 130   198       5.536610e-02
   68 131   199       4.119020e-02
   68 132   200       3.513850e-02
   68 133   201       2.688350e-02
   68 134   202       2.480220e-02
   68 135   203       2.048480e-02
   68 136   204       1.868890e-02
   68 137   205       1.587080e-02
   68 138   206       1.464570e-02
   68 139   207       1.259530e-02
   68 140   208       1.172220e-02
   68 141   209       1.001790e-02
   68 142   210       9.442000e-03
   68 143   211       8.171330e-03
   68 144   212       7.647570e-03
   68 145   213       6.728330e-03
   68 146   214       6.265770e-03
   68 147   215       5.591750e-03
   68 148   216       5.201130e-03
   68 149   217       4.629520e-03
   68 150   218       4.373730e-03
   68 151   219       3.927380e-03
   68 152   220       3.721170e-03
   68 153   221       3.361910e-03
   69 103   172       4.279320e+03
   69 104   173       1.307030e+03
   69 105   174       4.039380e+02
   69 106   175       1.468930e+02
   69 107   176       6.509610e+01
   69 108   177       5.007650e+01
   69 109   178       2.698450e+01
   69 110   179       2.387590e+01
   69 111   180       1.324860e+01
   69 112   181       1.181630e+01
   69 113   182       6.168570e+00
   69 114   183       5.399240e+00
   69 115   184       3.026890e+00
   69 116   185       1.326180e+00
   69 117   186       9.112110e-01
   69 118   187       7.898010e-01
   69 119   188       4.889760e-01
   69 120   189       5.338590e-01
   69 121   190       4.556060e-01
   69 122   191       7.462710e-01
   69 123   192       4.755140e-01
   69 124   193       4.469340e-01
   69 125   194       3.134410e-01
   69 126   195       2.813850e-01
   69 127   196       2.261910e-01
   69 128   197       1.418470e-01
   69 129   198       1.150940e-01
   69 130   199       7.355980e-02
   69 131   200       6.204190e-02
   69 132   201       4.620050e-02
   69 133   202       3.547320e-02
   69 134   203       3.245150e-02
   69 135   204       2.752240e-02
   69 136   205       2.407050e-02
   69 137   206       2.035940e-02
   69 138   207       1.850570e-02
   69 139   208       1.579170e-02
   69 140   209       1.459820e-02
   69 141   210       1.237950e-02
   69 142   211       1.169800e-02
   69 143   212       1.010470e-02
   69 144   213       9.479290e-03
   69 145   214       8.297860e-03
   69 146   215       7.617340e-03
   69 147   216       6.742530e-03
   69 148   217       6.232560e-03
   69 149   218       5.515140e-03
   69 150   219       5.177120e-03
   69 151   220       4.642980e-03
   69 152   221       4.366270e-03
   69 153   222       3.906380e-03
   69 154   223       3.725460e-03
   69 155   224       3.353340e-03
   70 110   180       3.707840e+03
   70 111   181       4.205300e+02
   70 112   182       2.356870e+02
   70 113   183       2.769220e+01
   70 114   184       9.792700e+00
   70 115   185       5.179110e+00
   70 116   186       4.431200e+00
   70 117   187       2.707740e+00
   70 118   188       2.259800e+00
   70 119   189       1.202540e+00
   70 120   190       1.387120e+00
   70 121   191       1.077690e+00
   70 122   192       1.919220e+00
   70 123   193       9.698600e-01
   70 124   194       1.000790e+00
   70 125   195       6.438270e-01
   70 126   196       5.705730e-01
   70 127   197       3.787370e-01
   70 128   198       2.416120e-01
   70 129   199       1.571700e-01
   70 130   200       1.228850e-01
   70 131   201       8.863970e-02
   70 132   202       7.531420e-02
   70 133   203       5.514180e-02
   70 134   204       4.998130e-02
   70 135   205       3.919960e-02
   70 136   206       3.550170e-02
   70 137   207       2.911180e-02
   70 138   208       2.640210e-02
   70 139   209       2.198300e-02
   70 140   210       2.020360e-02
   70 141   211       1.691510e-02
   70 142   212       1.579710e-02
   70 143   213       1.350790e-02
   70 144   214       1.252570e-02
   70 145   215       1.089250e-02
   70 146   216       1.004180e-02
   70 147   217       8.844950e-03
   70 148   218       8.164570e-03
   70 149   219       7.172930e-03
   70 150   220       6.740950e-03
   70 151   221       5.935930e-03
   70 152   222       5.650000e-03
   70 153   223       5.014170e-03
   70 154   224       4.775690e-03
   70 155   225       4.264940e-03
   70 156   226       4.067810e-03
   70 157   227       3.691480e-03
   71 109   180       5.507590e+04
   71 110   181       2.506680e+04
   71 111   182       9.349210e+03
   71 112   183       5.663360e+02
   71 113   184       6.708790e+01
   71 114   185       1.857510e+01
   71 115   186       9.476490e+00
   71 116   187       7.993100e+00
   71 117   188       4.775050e+00
   71 118   189       3.794650e+00
   71 119   190       1.953450e+00
   71 120   191       2.435540e+00
   71 121   192       1.541280e+00
   71 122   193       1.514450e+00
   71 123   194       1.332660e+00
   71 124   195       1.659160e+00
   71 125   196       8.903500e-01
   71 126   197       9.169980e-01
   71 127   198       5.242640e-01
   71 128   199       3.494130e-01
   71 129   200       2.181650e-01
   71 130   201       1.734700e-01
   71 131   202       1.288200e-01
   71 132   203       1.062650e-01
   71 133   204       7.772600e-02
   71 134   205       6.980920e-02
   71 135   206       5.406500e-02
   71 136   207       4.714610e-02
   71 137   208       3.815020e-02
   71 138   209       3.440570e-02
   71 139   210       2.841360e-02
   71 140   211       2.567210e-02
   71 141   212       2.181090e-02
   71 142   213       1.950580e-02
   71 143   214       1.690880e-02
   71 144   215       1.506000e-02
   71 145   216       1.337320e-02
   71 146   217       1.264800e-02
   71 147   218       1.102280e-02
   71 148   219       1.014480e-02
   71 149   220       8.850140e-03
   71 150   221       8.298910e-03
   71 151   222       7.264390e-03
   71 152   223       6.874840e-03
   71 153   224       6.064780e-03
   71 154   225       5.742420e-03
   71 155   226       5.096350e-03
   71 156   227       4.818400e-03
   71 157   228       4.459170e-03
   72 112   184       2.176560e+04
   72 113   185       2.309520e+02
   72 114   186       2.222290e+02
   72 115   187       6.566050e+01
   72 116   188       5.112610e+01
   72 117   189       2.224520e+01
   72 118   190       1.574200e+01
   72 119   191       5.764420e+00
   72 120   192       6.916270e+00
   72 121   193       4.661510e+00
   72 122   194       4.679600e+00
   72 123   195       3.664260e+00
   72 124   196       4.090920e+00
   72 125   197       2.323420e+00
   72 126   198       2.002670e+00
   72 127   199       1.122140e+00
   72 128   200       6.753790e-01
   72 129   201       3.949780e-01
   72 130   202       3.015080e-01
   72 131   203       2.169370e-01
   72 132   204       1.807190e-01
   72 133   205       1.251820e-01
   72 134   206       1.122560e-01
   72 135   207       8.258540e-02
   72 136   208       7.459090e-02
   72 137   209       5.816690e-02
   72 138   210       5.232020e-02
   72 139   211       4.182240e-02
   72 140   212       3.811920e-02
   72 141   213       3.139240e-02
   72 142   214       2.849590e-02
   72 143   215       2.420370e-02
   72 144   216       2.175560e-02
   72 145   217       1.865720e-02
   72 146   218       1.683330e-02
   72 147   219       1.451050e-02
   72 148   220       1.324590e-02
   72 149   221       1.143630e-02
   72 150   222       1.064830e-02
   72 151   223       9.225180e-03
   72 152   224       8.703600e-03
   72 153   225       7.612160e-03
   72 154   226       7.201770e-03
   72 155   227       6.328450e-03
   72 156   228       5.993520e-03
   72 157   229       5.319850e-03
   72 158   230       5.017320e-03
   72 159   231       4.553370e-03
   72 160   232       4.250050e-03
   72 161   233       3.828410e-03
   73 112   185       1.178440e+04
   73 113   186       4.469880e+03
   73 114   187       2.960530e+02
   73 115   188       1.269460e+02
   73 116   189       1.389320e+02
   73 117   190       5.158810e+01
   73 118   191       2.870710e+01
   73 119   192       1.456400e+01
   73 120   193       9.418110e+00
   73 121   194       7.673290e+00
   73 122   195       5.505770e+00
   73 123   196       4.344150e+00
   73 124   197       4.627450e+00
   73 125   198       2.785920e+00
   73 126   199       2.457220e+00
   73 127   200       1.441610e+00
   73 128   201       9.615580e-01
   73 129   202       5.670930e-01
   73 130   203       4.417410e-01
   73 131   204       3.236940e-01
   73 132   205       2.667460e-01
   73 133   206       1.848270e-01
   73 134   207       1.617900e-01
   73 135   208       1.170150e-01
   73 136   209       1.030760e-01
   73 137   210       7.902970e-02
   73 138   211       7.054130e-02
   73 139   212       5.585400e-02
   73 140   213       5.072960e-02
   73 141   214       4.227130e-02
   73 142   215       3.734520e-02
   73 143   216       3.201950e-02
   73 144   217       2.806490e-02
   73 145   218       2.355490e-02
   73 146   219       2.144350e-02
   73 147   220       1.825540e-02
   73 148   221       1.620370e-02
   73 149   222       1.396480e-02
   73 150   223       1.286020e-02
   73 151   224       1.113790e-02
   73 152   225       1.040020e-02
   73 153   226       9.108460e-03
   73 154   227       8.510610e-03
   73 155   228       7.457380e-03
   73 156   229       7.004250e-03
   73 157   230       6.133050e-03
   73 158   231       6.182000e-03
   73 159   232       5.578620e-03
   73 160   233       5.193260e-03
   73 161   234       4.659220e-03
   73 162   235       4.440330e-03
   73 163   236       4.027960e-03
   73 164   237       3.847050e-03
   73 165   238       3.484110e-03
   74 116   190       6.407940e+03
   74 117   191       5.659640e+02
   74 118   192       2.664320e+02
   74 119   193       4.353690e+01
   74 120   194       5.789130e+01
   74 121   195       2.949780e+01
   74 122   196       2.764340e+01
   74 123   197       1.554290e+01
   74 124   198       1.895690e+01
   74 125   199       9.133420e+00
   74 126   200       7.593280e+00
   74 127   201       3.389880e+00
   74 128   202       2.140780e+00
   74 129   203       1.112280e+00
   74 130   204       8.431240e-01
   74 131   205       5.754640e-01
   74 132   206       4.883690e-01
   74 133   207       3.163250e-01
   74 134   208       2.840610e-01
   74 135   209       1.934870e-01
   74 136   210       1.758550e-01
   74 137   211       1.280160e-01
   74 138   212       1.158840e-01
   74 139   213       8.760300e-02
   74 140   214       7.963110e-02
   74 141   215       6.188810e-02
   74 142   216       5.662950e-02
   74 143   217       4.485180e-02
   74 144   218       4.133850e-02
   74 145   219       3.192260e-02
   74 146   220       2.981190e-02
   74 147   221       2.388630e-02
   74 148   222       2.234890e-02
   74 149   223       1.889750e-02
   74 150   224       1.736680e-02
   74 151   225       1.476690e-02
   74 152   226       1.387760e-02
   74 153   227       1.191660e-02
   74 154   228       1.129500e-02
   74 155   229       9.813250e-03
   74 156   230       9.298500e-03
   74 157   231       8.099100e-03
   74 158   232       7.743600e-03
   74 159   233       7.027100e-03
   74 160   234       6.560660e-03
   74 161   235       5.895400e-03
   74 162   236       5.655210e-03
   74 163   237       5.131800e-03
   74 164   238       4.913060e-03
   74 165   239       4.443780e-03
   74 166   240       3.945960e-03
   74 167   241       3.572090e-03
   75 116   191       2.657000e+03
   75 117   192       7.207160e+02
   75 118   193       2.692530e+02
   75 119   194       1.242160e+02
   75 120   195       5.394330e+01
   75 121   196       3.071200e+01
   75 122   197       2.208940e+01
   75 123   198       1.615290e+01
   75 124   199       1.863870e+01
   75 125   200       3.245910e+01
   75 126   201       7.385280e+00
   75 127   202       3.951940e+00
   75 128   203       2.954360e+00
   75 129   204       1.620440e+00
   75 130   205       1.261380e+00
   75 131   206       8.163050e-01
   75 132   207       7.452130e-01
   75 133   208       4.805290e-01
   75 134   209       4.289750e-01
   75 135   210       2.884270e-01
   75 136   211       2.611340e-01
   75 137   212       1.949300e-01
   75 138   213       1.678730e-01
   75 139   214       1.245320e-01
   75 140   215       1.131790e-01
   75 141   216       8.695500e-02
   75 142   217       7.856690e-02
   75 143   218       6.632500e-02
   75 144   219       5.615750e-02
   75 145   220       4.027770e-02
   75 146   221       3.923250e-02
   75 147   222       3.004120e-02
   75 148   223       2.786440e-02
   75 149   224       2.350940e-02
   75 150   225       2.161140e-02
   75 151   226       1.834560e-02
   75 152   227       1.720140e-02
   75 153   228       1.472450e-02
   75 154   229       1.429320e-02
   75 155   230       1.240020e-02
   75 156   231       1.150940e-02
   75 157   232       1.006300e-02
   75 158   233       9.712020e-03
   75 159   234       8.868570e-03
   75 160   235       8.366910e-03
   75 161   236       7.521570e-03
   75 162   237       7.280590e-03
   75 163   238       6.602040e-03
   75 164   239       6.330450e-03
   75 165   240       5.692450e-03
   75 166   241       5.438210e-03
   75 167   242       4.953610e-03
   75 168   243       4.053700e-03
   75 169   244       3.671110e-03
   75 170   245       3.498560e-03
   75 171   246       3.263410e-03
   75 172   247       3.057030e-03
   75 173   248       2.891340e-03
   76 118   194       1.456590e+05
   76 119   195       6.357390e+02
   76 120   196       2.013290e+03
   76 121   197       4.975780e+02
   76 122   198       4.351270e+02
   76 123   199       1.018560e+02
   76 124   200       1.546560e+02
   76 125   201       8.675160e+01
   76 126   202       3.919050e+01
   76 127   203       1.114590e+01
   76 128   204       8.502070e+00
   76 129   205       3.714460e+00
   76 130   206       2.900970e+00
   76 131   207       1.647060e+00
   76 132   208       1.493380e+00
   76 133   209       9.018780e-01
   76 134   210       8.142010e-01
   76 135   211       5.044560e-01
   76 136   212       4.682840e-01
   76 137   213       3.277020e-01
   76 138   214       2.863400e-01
   76 139   215       2.012140e-01
   76 140   216       1.858820e-01
   76 141   217       1.369260e-01
   76 142   218       1.248100e-01
   76 143   219       9.121670e-02
   76 144   220       8.179650e-02
   76 145   221       6.097740e-02
   76 146   222       5.625440e-02
   76 147   223       4.348490e-02
   76 148   224       4.066700e-02
   76 149   225       3.345010e-02
   76 150   226       3.060330e-02
   76 151   227       2.542180e-02
   76 152   228       2.368600e-02
   76 153   229       1.995820e-02
   76 154   230       1.877980e-02
   76 155   231       1.607830e-02
   76 156   232       1.514230e-02
   76 157   233       1.309990e-02
   76 158   234       1.246230e-02
   76 159   235       1.130960e-02
   76 160   236       1.054280e-02
   76 161   237       9.435160e-03
   76 162   238       9.097530e-03
   76 163   239       8.197480e-03
   76 164   240       7.280230e-03
   76 165   241       6.504420e-03
   76 166   242       6.151190e-03
   76 167   243       5.524320e-03
   76 168   244       5.225170e-03
   76 169   245       4.703920e-03
   76 170   246       4.469470e-03
   76 171   247       4.103450e-03
   76 172   248       3.874590e-03
   76 173   249       3.672320e-03
   76 174   250       3.424290e-03
   76 175   251       3.195680e-03
   76 176   252       3.068770e-03
   76 177   253       2.884440e-03
   76 178   254       2.944530e-03
   76 179   255       2.698520e-03
   77 118   195       1.364130e+04
   77 119   196       1.989890e+03
   77 120   197       2.146210e+03
   77 121   198       7.963210e+02
   77 122   199       6.070580e+02
   77 123   200       1.916010e+03
   77 124   201       7.514740e+01
   77 125   202       3.452290e+02
   77 126   203       2.415150e+01
   77 127   204       1.154270e+01
   77 128   205       1.078900e+01
   77 129   206       5.422820e+00
   77 130   207       4.543490e+00
   77 131   208       2.674210e+00
   77 132   209       2.345080e+00
   77 133   210       1.435000e+00
   77 134   211       1.294350e+00
   77 135   212       7.765490e-01
   77 136   213       7.291020e-01
   77 137   214       5.067690e-01
   77 138   215       4.354810e-01
   77 139   216       3.010390e-01
   77 140   217       2.732200e-01
   77 141   218       1.962520e-01
   77 142   219       1.787660e-01
   77 143   220       1.233200e-01
   77 144   221       1.089020e-01
   77 145   222       8.128920e-02
   77 146   223       7.423970e-02
   77 147   224       5.852330e-02
   77 148   225       5.298040e-02
   77 149   226       4.304410e-02
   77 150   227       3.904910e-02
   77 151   228       3.218340e-02
   77 152   229       2.964670e-02
   77 153   230       2.482740e-02
   77 154   231       2.347590e-02
   77 155   232       2.032970e-02
   77 156   233       1.874990e-02
   77 157   234       1.633560e-02
   77 158   235       1.601870e-02
   77 159   236       1.428050e-02
   77 160   237       1.316450e-02
   77 161   238       1.165420e-02
   77 162   239       1.100940e-02
   77 163   240       9.918930e-03
   77 164   241       9.146240e-03
   77 165   242       8.183880e-03
   77 166   243       7.593350e-03
   77 167   244       6.866280e-03
   77 168   245       6.466450e-03
   77 169   246       5.829570e-03
   77 170   247       5.524080e-03
   77 171   248       5.121090e-03
   77 172   249       4.780330e-03
   77 173   250       4.361110e-03
   77 174   251       4.210170e-03
   77 175   252       3.936460e-03
   77 176   253       3.750450e-03
   77 177   254       3.504030e-03
   77 178   255       3.498320e-03
   77 179   256       3.199520e-03
   78 124   202       5.194130e+03
   78 125   203       1.553810e+03
   78 126   204       3.791680e+02
   78 127   205       1.351470e+01
   78 128   206       4.916180e+01
   78 129   207       1.487450e+01
   78 130   208       1.342080e+01
   78 131   209       5.926070e+00
   78 132   210       5.030390e+00
   78 133   211       3.059820e+00
   78 134   212       2.796680e+00
   78 135   213       1.524450e+00
   78 136   214       1.446180e+00
   78 137   215       9.148680e-01
   78 138   216       8.048430e-01
   78 139   217       5.239750e-01
   78 140   218       4.797110e-01
   78 141   219       3.254270e-01
   78 142   220       3.016280e-01
   78 143   221       2.006370e-01
   78 144   222       1.789750e-01
   78 145   223       1.290420e-01
   78 146   224       1.181890e-01
   78 147   225       8.780150e-02
   78 148   226       8.168920e-02
   78 149   227       6.352090e-02
   78 150   228       5.856200e-02
   78 151   229       4.696330e-02
   78 152   230       4.352400e-02
   78 153   231       3.572080e-02
   78 154   232       3.329250e-02
   78 155   233       2.790740e-02
   78 156   234       2.596870e-02
   78 157   235       2.236170e-02
   78 158   236       2.063940e-02
   78 159   237       1.743400e-02
   78 160   238       1.840470e-02
   78 161   239       1.619260e-02
   78 162   240       1.486830e-02
   78 163   241       1.333520e-02
   78 164   242       1.222120e-02
   78 165   243       1.081970e-02
   78 166   244       1.017150e-02
   78 167   245       9.065950e-03
   78 168   246       8.530500e-03
   78 169   247       7.675230e-03
   78 170   248       7.215110e-03
   78 171   249       6.640500e-03
   78 172   250       6.187720e-03
   78 173   251       5.875450e-03
   78 174   252       5.413660e-03
   78 175   253       5.013900e-03
   78 176   254       5.150770e-03
   78 177   255       4.912100e-03
   78 178   256       4.457210e-03
   78 179   257       4.277710e-03
   78 180   258       3.869310e-03
   78 181   259       3.520040e-03
   78 182   260       3.368300e-03
   78 183   261       3.062120e-03
   79 123   202       9.639630e+04
   79 124   203       4.868950e+02
   79 125   204       1.364540e+04
   79 126   205       1.024280e+02
   79 127   206       2.260430e+01
   79 128   207       5.199210e+01
   79 129   208       2.103020e+01
   79 130   209       2.184910e+01
   79 131   210       9.903380e+00
   79 132   211       9.443180e+00
   79 133   212       5.163400e+00
   79 134   213       4.309400e+00
   79 135   214       2.726580e+00
   79 136   215       2.466760e+00
   79 137   216       1.597520e+00
   79 138   217       1.333130e+00
   79 139   218       8.295790e-01
   79 140   219       7.521500e-01
   79 141   220       4.965750e-01
   79 142   221       4.573860e-01
   79 143   222       3.196930e-01
   79 144   223       2.683000e-01
   79 145   224       1.775530e-01
   79 146   225       1.609060e-01
   79 147   226       1.204490e-01
   79 148   227       1.085120e-01
   79 149   228       8.336260e-02
   79 150   229       7.664330e-02
   79 151   230       6.086930e-02
   79 152   231       5.647360e-02
   79 153   232       4.605870e-02
   79 154   233       4.264760e-02
   79 155   234       3.552410e-02
   79 156   235       3.277950e-02
   79 157   236       2.700070e-02
   79 158   237       3.142920e-02
   79 159   238       2.730470e-02
   79 160   239       2.482400e-02
   79 161   240       2.192500e-02
   79 162   241       1.996540e-02
   79 163   242       1.796340e-02
   79 164   243       1.538840e-02
   79 165   244       1.376680e-02
   79 166   245       1.289170e-02
   79 167   246       1.157510e-02
   79 168   247       1.083510e-02
   79 169   248       9.794490e-03
   79 170   249       9.166980e-03
   79 171   250       8.312530e-03
   79 172   251       7.851080e-03
   79 173   252       7.212350e-03
   79 174   253       6.819340e-03
   79 175   254       6.244020e-03
   79 176   255       5.966120e-03
   79 177   256       6.111190e-03
   79 178   257       5.415950e-03
   79 179   258       5.264400e-03
   79 180   259       4.672340e-03
   79 181   260       4.238380e-03
   79 182   261       4.038650e-03
   79 183   262       3.657290e-03
   80 126   206       1.360340e+04
   80 127   207       6.067680e+01
   80 128   208       7.020840e+02
   80 129   209       2.846330e+01
   80 130   210       1.212660e+02
   80 131   211       2.888050e+01
   80 132   212       3.344940e+01
   80 133   213       1.240650e+01
   80 134   214       1.213180e+01
   80 135   215       5.924840e+00
   80 136   216       5.728780e+00
   80 137   217       3.157740e+00
   80 138   218       2.912250e+00
   80 139   219       1.641540e+00
   80 140   220       1.537220e+00
   80 141   221       1.035050e+00
   80 142   222       8.667620e-01
   80 143   223       5.553580e-01
   80 144   224       4.459970e-01
   80 145   225       3.035720e-01
   80 146   226       2.787080e-01
   80 147   227       1.937030e-01
   80 148   228       1.807080e-01
   80 149   229       1.338010e-01
   80 150   230       1.222360e-01
   80 151   231       9.322370e-02
   80 152   232       8.621510e-02
   80 153   233       6.804880e-02
   80 154   234       6.289300e-02
   80 155   235       5.102910e-02
   80 156   236       4.699850e-02
   80 157   237       3.766380e-02
   80 158   238       4.480470e-02
   80 159   239       3.839600e-02
   80 160   240       3.473220e-02
   80 161   241       3.034830e-02
   80 162   242       2.755560e-02
   80 163   243       2.455470e-02
   80 164   244       2.240610e-02
   80 165   245       1.983110e-02
   80 166   246       1.861900e-02
   80 167   247       1.636320e-02
   80 168   248       1.560770e-02
   80 169   249       1.369010e-02
   80 170   250       1.318830e-02
   80 171   251       1.204790e-02
   80 172   252       1.113050e-02
   80 173   253       1.029650e-02
   80 174   254       9.530920e-03
   80 175   255       9.426440e-03
   80 176   256       8.375670e-03
   80 177   257       8.074270e-03
   80 178   258       7.115660e-03
   80 179   259       6.933410e-03
   80 180   260       6.081210e-03
   80 181   261       5.956900e-03
   80 182   262       5.189530e-03
   80 183   263       4.668910e-03
   80 184   264       4.422250e-03
   80 185   265       4.156870e-03
   81 129   210       6.165840e+01
   81 130   211       2.212510e+02
   81 131   212       5.545950e+01
   81 132   213       8.587760e+01
   81 133   214       2.671570e+01
   81 134   215       3.390710e+01
   81 135   216       1.314230e+01
   81 136   217       1.474140e+01
   81 137   218       6.762240e+00
   81 138   219       7.002680e+00
   81 139   220       3.846190e+00
   81 140   221       3.637320e+00
   81 141   222       2.067950e+00
   81 142   223       1.964570e+00
   81 143   224       1.168870e+00
   81 144   225       1.068370e+00
   81 145   226       7.056470e-01
   81 146   227       6.301400e-01
   81 147   228       2.618780e-01
   81 148   229       2.428700e-01
   81 149   230       1.800420e-01
   81 150   231       1.654620e-01
   81 151   232       1.247290e-01
   81 152   233       1.659450e-01
   81 153   234       8.958710e-02
   81 154   235       1.166140e-01
   81 155   236       9.032550e-02
   81 156   237       8.451000e-02
   81 157   238       6.926650e-02
   81 158   239       6.285710e-02
   81 159   240       5.171970e-02
   81 160   241       4.782410e-02
   81 161   242       3.977650e-02
   81 162   243       3.714910e-02
   81 163   244       3.138610e-02
   81 164   245       2.948940e-02
   81 165   246       2.492720e-02
   81 166   247       2.378320e-02
   81 167   248       2.078000e-02
   81 168   249       1.944050e-02
   81 169   250       1.704590e-02
   81 170   251       1.617120e-02
   81 171   252       1.419530e-02
   81 172   253       1.526550e-02
   81 173   254       1.481110e-02
   81 174   255       1.266550e-02
   81 175   256       1.240560e-02
   81 176   257       1.060890e-02
   81 177   258       1.048190e-02
   81 178   259       8.909150e-03
   81 179   260       8.869160e-03
   81 180   261       7.501490e-03
   81 181   262       7.501050e-03
   81 182   263       6.341860e-03
   81 183   264       5.706270e-03
   81 184   265       5.369930e-03
   81 185   266       5.024080e-03
   82 130   212       1.252790e+04
   82 131   213       1.557120e+02
   82 132   214       8.602440e+02
   82 133   215       7.376150e+01
   82 134   216       1.587430e+02
   82 135   217       3.358060e+01
   82 136   218       4.675120e+01
   82 137   219       1.565620e+01
   82 138   220       1.772520e+01
   82 139   221       7.754430e+00
   82 140   222       7.893600e+00
   82 141   223       4.062690e+00
   82 142   224       3.930050e+00
   82 143   225       2.216850e+00
   82 144   226       2.076490e+00
   82 145   227       1.264120e+00
   82 146   228       1.177010e+00
   82 147   229       4.857300e-01
   82 148   230       6.992750e-01
   82 149   231       3.128390e-01
   82 150   232       2.835400e-01
   82 151   233       2.018530e-01
   82 152   234       1.885270e-01
   82 153   235       1.413270e-01
   82 154   236       1.304950e-01
   82 155   237       1.018640e-01
   82 156   238       1.228200e-01
   82 157   239       9.410490e-02
   82 158   240       8.791900e-02
   82 159   241       7.109250e-02
   82 160   242       6.487730e-02
   82 161   243       5.288150e-02
   82 162   244       4.919980e-02
   82 163   245       4.082960e-02
   82 164   246       3.829720e-02
   82 165   247       3.300920e-02
   82 166   248       3.049970e-02
   82 167   249       2.627030e-02
   82 168   250       2.470920e-02
   82 169   251       2.731280e-02
   82 170   252       2.521460e-02
   82 171   253       2.237710e-02
   82 172   254       2.093500e-02
   82 173   255       1.842550e-02
   82 174   256       1.736030e-02
   82 175   257       1.525910e-02
   82 176   258       1.455700e-02
   82 177   259       1.291060e-02
   82 178   260       1.224460e-02
   82 179   261       1.083730e-02
   82 180   262       1.030930e-02
   82 181   263       9.091970e-03
   82 182   264       8.688260e-03
   82 183   265       7.808140e-03
   82 184   266       7.291040e-03
   82 185   267       6.728940e-03
   83 131   214       4.136900e+04
   83 132   215       3.774830e+04
   83 133   216       1.871820e+03
   83 134   217       1.362100e+03
   83 135   218       2.373730e+02
   83 136   219       2.054030e+02
   83 137   220       2.968340e+01
   83 138   221       4.433230e+01
   83 139   222       1.374330e+01
   83 140   223       1.554100e+01
   83 141   224       6.212090e+00
   83 142   225       6.714390e+00
   83 143   226       3.554030e+00
   83 144   227       3.283550e+00
   83 145   228       2.091640e+00
   83 146   229       2.107900e+00
   83 147   230       7.163390e-01
   83 148   231       6.613740e-01
   83 149   232       4.332360e-01
   83 150   233       4.082330e-01
   83 151   234       2.738540e-01
   83 152   235       2.568800e-01
   83 153   236       1.908180e-01
   83 154   237       2.725550e-01
   83 155   238       1.939660e-01
   83 156   239       1.809150e-01
   83 157   240       1.341260e-01
   83 158   241       1.246440e-01
   83 159   242       9.829640e-02
   83 160   243       8.917810e-02
   83 161   244       7.147680e-02
   83 162   245       6.589160e-02
   83 163   246       5.380850e-02
   83 164   247       5.008220e-02
   83 165   248       4.182980e-02
   83 166   249       3.899790e-02
   83 167   250       3.247010e-02
   83 168   251       3.086930e-02
   83 169   252       2.639150e-02
   83 170   253       3.028650e-02
   83 171   254       2.797920e-02
   83 172   255       2.515620e-02
   83 173   256       2.268320e-02
   83 174   257       2.112940e-02
   83 175   258       1.895950e-02
   83 176   259       1.768910e-02
   83 177   260       1.666450e-02
   83 178   261       1.479990e-02
   83 179   262       1.310900e-02
   83 180   263       1.241800e-02
   83 181   264       1.093550e-02
   83 182   265       1.043700e-02
   83 183   266       1.002680e-02
   83 184   267       8.731640e-03
   83 185   268       8.019400e-03
   84 136   220       4.856650e+04
   84 137   221       2.191700e+02
   84 138   222       2.111110e+02
   84 139   223       3.586250e+01
   84 140   224       4.182450e+01
   84 141   225       1.124290e+01
   84 142   226       1.214520e+01
   84 143   227       4.144490e+00
   84 144   228       4.607240e+00
   84 145   229       2.523250e+00
   84 146   230       2.375170e+00
   84 147   231       1.387810e+00
   84 148   232       1.295010e+00
   84 149   233       8.313850e-01
   84 150   234       7.480780e-01
   84 151   235       4.805480e-01
   84 152   236       4.620630e-01
   84 153   237       3.220280e-01
   84 154   238       2.984400e-01
   84 155   239       2.214990e-01
   84 156   240       1.996330e-01
   84 157   241       2.183290e-01
   84 158   242       2.042290e-01
   84 159   243       1.520890e-01
   84 160   244       1.403210e-01
   84 161   245       1.089620e-01
   84 162   246       1.002620e-01
   84 163   247       7.954500e-02
   84 164   248       7.403910e-02
   84 165   249       6.027500e-02
   84 166   250       5.627510e-02
   84 167   251       4.585170e-02
   84 168   252       4.391170e-02
   84 169   253       3.717710e-02
   84 170   254       3.812030e-02
   84 171   255       3.508460e-02
   84 172   256       3.630740e-02
   84 173   257       3.151430e-02
   84 174   258       2.924530e-02
   84 175   259       2.537580e-02
   84 176   260       2.372280e-02
   84 177   261       2.058220e-02
   84 178   262       1.942950e-02
   84 179   263       1.703980e-02
   84 180   264       1.604470e-02
   84 181   265       1.406540e-02
   84 182   266       1.331590e-02
   84 183   267       1.287440e-02
   84 184   268       1.101210e-02
   84 185   269       9.994610e-03
   85 135   220       1.464250e+03
   85 136   221       3.242190e+03
   85 137   222       2.684500e+02
   85 138   223       3.238720e+02
   85 139   224       6.180550e+01
   85 140   225       5.741540e+01
   85 141   226       1.624790e+01
   85 142   227       1.624380e+01
   85 143   228       4.388960e+00
   85 144   229       6.115890e+00
   85 145   230       4.008800e+00
   85 146   231       3.806980e+00
   85 147   232       1.854100e+00
   85 148   233       1.766750e+00
   85 149   234       1.113470e+00
   85 150   235       1.017090e+00
   85 151   236       6.368880e-01
   85 152   237       6.286610e-01
   85 153   238       4.362550e-01
   85 154   239       4.048690e-01
   85 155   240       2.993850e-01
   85 156   241       2.691580e-01
   85 157   242       1.960920e-01
   85 158   243       2.829100e-01
   85 159   244       2.013320e-01
   85 160   245       1.888020e-01
   85 161   246       1.442360e-01
   85 162   247       1.318020e-01
   85 163   248       1.032310e-01
   85 164   249       9.575340e-02
   85 165   250       7.680790e-02
   85 166   251       7.913810e-02
   85 167   252       6.507810e-02
   85 168   253       6.034190e-02
   85 169   254       5.159740e-02
   85 170   255       4.708890e-02
   85 171   256       4.044360e-02
   85 172   257       3.792700e-02
   85 173   258       3.516160e-02
   85 174   259       3.265000e-02
   85 175   260       2.906920e-02
   85 176   261       2.904950e-02
   85 177   262       2.570900e-02
   85 178   263       2.391130e-02
   85 179   264       2.092250e-02
   85 180   265       1.961050e-02
   85 181   266       1.712170e-02
   85 182   267       1.615590e-02
   85 183   268       1.531780e-02
   85 184   269       1.334390e-02
   85 185   270       1.201740e-02
   86 138   224       4.884360e+04
   86 139   225       2.577980e+02
   86 140   226       8.189190e+02
   86 141   227       2.459780e+01
   86 142   228       9.988140e+01
   86 143   229       2.643900e+01
   86 144   230       2.718300e+01
   86 145   231       1.041210e+01
   86 146   232       1.047830e+01
   86 147   233       4.925970e+00
   86 148   234       4.734090e+00
   86 149   235       2.665900e+00
   86 150   236       2.396070e+00
   86 151   237       1.291960e+00
   86 152   238       1.323730e+00
   86 153   239       8.182140e-01
   86 154   240       7.783630e-01
   86 155   241       5.289260e-01
   86 156   242       4.831820e-01
   86 157   243       3.324260e-01
   86 158   244       3.131160e-01
   86 159   245       2.293110e-01
   86 160   246       3.327930e-01
   86 161   247       2.446700e-01
   86 162   248       2.255620e-01
   86 163   249       1.708370e-01
   86 164   250       1.590530e-01
   86 165   251       1.240540e-01
   86 166   252       1.162320e-01
   86 167   253       9.145340e-02
   86 168   254       9.013740e-02
   86 169   255       7.551070e-02
   86 170   256       6.987760e-02
   86 171   257       5.864340e-02
   86 172   258       5.476100e-02
   86 173   259       4.907050e-02
   86 174   260       4.402320e-02
   86 175   261       4.030480e-02
   86 176   262       4.066000e-02
   86 177   263       3.476360e-02
   86 178   264       3.237840e-02
   86 179   265       2.796080e-02
   86 180   266       2.600410e-02
   86 181   267       2.254630e-02
   86 182   268       2.112400e-02
   86 183   269       1.834740e-02
   86 184   270       1.720130e-02
   86 185   271       1.525120e-02
   87 138   225       2.917170e+04
   87 139   226       2.823730e+03
   87 140   227       1.424920e+03
   87 141   228       1.287910e+02
   87 142   229       1.650480e+02
   87 143   230       1.465190e+02
   87 144   231       3.565440e+01
   87 145   232       1.258390e+01
   87 146   233       1.200710e+01
   87 147   234       8.355460e+00
   87 148   235       5.505440e+00
   87 149   236       4.342520e+00
   87 150   237       3.908380e+00
   87 151   238       1.986600e+00
   87 152   239       2.090580e+00
   87 153   240       1.240270e+00
   87 154   241       1.198590e+00
   87 155   242       7.933040e-01
   87 156   243       6.644020e-01
   87 157   244       4.793570e-01
   87 158   245       4.296790e-01
   87 159   246       3.124060e-01
   87 160   247       3.036000e-01
   87 161   248       2.662140e-01
   87 162   249       2.357500e-01
   87 163   250       1.857730e-01
   87 164   251       1.758660e-01
   87 165   252       1.392850e-01
   87 166   253       1.325050e-01
   87 167   254       1.061690e-01
   87 168   255       1.020510e-01
   87 169   256       8.445780e-02
   87 170   257       8.066270e-02
   87 171   258       6.786030e-02
   87 172   259       6.590680e-02
   87 173   260       5.851690e-02
   87 174   261       5.491550e-02
   87 175   262       5.182860e-02
   87 176   263       5.001940e-02
   87 177   264       4.407230e-02
   87 178   265       4.041840e-02
   87 179   266       3.466360e-02
   87 180   267       3.210750e-02
   87 181   268       2.776050e-02
   87 182   269       2.586710e-02
   87 183   270       2.238410e-02
   87 184   271       2.102920e-02
   87 185   272       1.839770e-02
   88 142   230       1.032510e+04
   88 143   231       2.431410e+02
   88 144   232       4.714700e+02
   88 145   233       6.468220e+01
   88 146   234       8.536740e+01
   88 147   235       2.449190e+01
   88 148   236       2.638110e+01
   88 149   237       1.163010e+01
   88 150   238       1.061030e+01
   88 151   239       4.085430e+00
   88 152   240       4.957710e+00
   88 153   241       2.439400e+00
   88 154   242       2.517150e+00
   88 155   243       1.466410e+00
   88 156   244       1.378440e+00
   88 157   245       8.563470e-01
   88 158   246       8.106030e-01
   88 159   247       5.576610e-01
   88 160   248       5.217260e-01
   88 161   249       3.774560e-01
   88 162   250       3.855430e-01
   88 163   251       3.020170e-01
   88 164   252       2.900480e-01
   88 165   253       2.237980e-01
   88 166   254       2.160790e-01
   88 167   255       1.682780e-01
   88 168   256       1.617020e-01
   88 169   257       1.300910e-01
   88 170   258       1.237040e-01
   88 171   259       1.006850e-01
   88 172   260       9.751320e-02
   88 173   261       8.549450e-02
   88 174   262       8.279860e-02
   88 175   263       7.392240e-02
   88 176   264       7.449660e-02
   88 177   265       6.240290e-02
   88 178   266       5.682300e-02
   88 179   267       4.771340e-02
   88 180   268       4.413120e-02
   88 181   269       3.769010e-02
   88 182   270       3.483790e-02
   88 183   271       2.990150e-02
   88 184   272       2.792660e-02
   88 185   273       2.397490e-02
   89 142   231       9.477210e+02
   89 143   232       5.254600e+03
   89 144   233       1.445740e+02
   89 145   234       1.057000e+02
   89 146   235       1.311300e+02
   89 147   236       3.824160e+01
   89 148   237       5.287900e+01
   89 149   238       2.208120e+01
   89 150   239       1.997690e+01
   89 151   240       6.893840e+00
   89 152   241       8.786610e+00
   89 153   242       4.024540e+00
   89 154   243       3.243690e+00
   89 155   244       1.913200e+00
   89 156   245       1.850670e+00
   89 157   246       1.309570e+00
   89 158   247       1.130980e+00
   89 159   248       8.707610e-01
   89 160   249       7.239930e-01
   89 161   250       5.911260e-01
   89 162   251       5.202710e-01
   89 163   252       4.079470e-01
   89 164   253       3.856490e-01
   89 165   254       2.963740e-01
   89 166   255       2.851880e-01
   89 167   256       2.237860e-01
   89 168   257       2.148140e-01
   89 169   258       1.758740e-01
   89 170   259       1.606350e-01
   89 171   260       1.276580e-01
   89 172   261       1.220810e-01
   89 173   262       1.066240e-01
   89 174   263       9.704140e-02
   89 175   264       8.405150e-02
   89 176   265       8.677610e-02
   89 177   266       7.345370e-02
   89 178   267       7.078590e-02
   89 179   268       5.963860e-02
   89 180   269       5.463620e-02
   89 181   270       4.651080e-02
   89 182   271       4.285100e-02
   89 183   272       3.700610e-02
   89 184   273       3.430970e-02
   89 185   274       2.893800e-02
   90 146   236       4.785470e+03
   90 147   237       2.127170e+02
   90 148   238       3.790250e+02
   90 149   239       9.288370e+01
   90 150   240       8.919300e+01
   90 151   241       1.587880e+01
   90 152   242       2.978770e+01
   90 153   243       8.820140e+00
   90 154   244       1.140670e+01
   90 155   245       4.928110e+00
   90 156   246       5.067390e+00
   90 157   247       2.649510e+00
   90 158   248       2.535730e+00
   90 159   249       1.427050e+00
   90 160   250       1.440210e+00
   90 161   251       9.720960e-01
   90 162   252       9.648390e-01
   90 163   253       6.873460e-01
   90 164   254       6.957150e-01
   90 165   255       5.113800e-01
   90 166   256       5.050650e-01
   90 167   257       3.779240e-01
   90 168   258       3.654680e-01
   90 169   259       2.869500e-01
   90 170   260       2.654440e-01
   90 171   261       2.073660e-01
   90 172   262       1.979820e-01
   90 173   263       1.604370e-01
   90 174   264       1.546110e-01
   90 175   265       1.317060e-01
   90 176   266       1.456840e-01
   90 177   267       1.191830e-01
   90 178   268       1.060000e-01
   90 179   269       8.705470e-02
   90 180   270       7.911120e-02
   90 181   271       6.622340e-02
   90 182   272       6.049920e-02
   90 183   273       5.164070e-02
   90 184   274       4.753800e-02
   90 185   275       3.910260e-02
   91 146   237       1.860650e+03
   91 147   238       3.518620e+02
   91 148   239       4.107580e+02
   91 149   240       1.326670e+02
   91 150   241       5.524300e+01
   91 151   242       1.668540e+01
   91 152   243       2.413800e+01
   91 153   244       9.876040e+00
   91 154   245       1.686730e+01
   91 155   246       7.978950e+00
   91 156   247       7.417340e+00
   91 157   248       3.875430e+00
   91 158   249       3.730700e+00
   91 159   250       2.066820e+00
   91 160   251       2.078740e+00
   91 161   252       1.396570e+00
   91 162   253       1.342830e+00
   91 163   254       9.479400e-01
   91 164   255       9.672490e-01
   91 165   256       7.079590e-01
   91 166   257       7.052060e-01
   91 167   258       5.243490e-01
   91 168   259       5.063170e-01
   91 169   260       3.837080e-01
   91 170   261       3.643750e-01
   91 171   262       2.800990e-01
   91 172   263       2.694670e-01
   91 173   264       2.196240e-01
   91 174   265       2.113410e-01
   91 175   266       1.877280e-01
   91 176   267       1.748940e-01
   91 177   268       1.440340e-01
   91 178   269       1.318550e-01
   91 179   270       1.101660e-01
   91 180   271       9.926800e-02
   91 181   272       8.311720e-02
   91 182   273       7.615690e-02
   91 183   274       6.496240e-02
   91 184   275       6.014320e-02
   91 185   276       4.831700e-02
   91 186   277       3.330430e-02
   91 187   278       2.701100e-02
   92 150   242       6.087170e+03
   92 151   243       6.826070e+01
   92 152   244       4.827870e+02
   92 153   245       3.795240e+01
   92 154   246       9.147630e+01
   92 155   247       2.059660e+01
   92 156   248       2.740900e+01
   92 157   249       1.073600e+01
   92 158   250       1.073640e+01
   92 159   251       4.938800e+00
   92 160   252       5.131680e+00
   92 161   253       3.117700e+00
   92 162   254       3.019680e+00
   92 163   255       1.926370e+00
   92 164   256       2.034670e+00
   92 165   257       1.363390e+00
   92 166   258       1.403570e+00
   92 167   259       9.716870e-01
   92 168   260       9.574540e-01
   92 169   261       7.181070e-01
   92 170   262       6.492490e-01
   92 171   263       4.801190e-01
   92 172   264       4.514730e-01
   92 173   265       3.504100e-01
   92 174   266       3.383940e-01
   92 175   267       2.829460e-01
   92 176   268       2.749170e-01
   92 177   269       2.489440e-01
   92 178   270       2.159210e-01
   92 179   271       1.731180e-01
   92 180   272       1.544880e-01
   92 181   273       1.263360e-01
   92 182   274       1.143550e-01
   92 183   275       9.634300e-02
   92 184   276       8.740390e-02
   92 185   277       6.753080e-02
   92 186   278       4.460670e-02
   92 187   279       3.553050e-02
   92 188   280       2.832560e-02
   92 189   281       2.307170e-02
   93 149   242       5.061730e+02
   93 150   243       4.420110e+02
   93 151   244       1.937870e+02
   93 152   245       1.457460e+02
   93 153   246       6.623220e+01
   93 154   247       1.064010e+02
   93 155   248       2.455570e+01
   93 156   249       3.779280e+01
   93 157   250       1.610310e+01
   93 158   251       1.586290e+01
   93 159   252       7.305680e+00
   93 160   253       6.876130e+00
   93 161   254       3.951360e+00
   93 162   255       4.052910e+00
   93 163   256       2.596320e+00
   93 164   257       2.772360e+00
   93 165   258       1.872460e+00
   93 166   259       1.952430e+00
   93 167   260       1.361980e+00
   93 168   261       1.337580e+00
   93 169   262       1.009500e+00
   93 170   263       8.975350e-01
   93 171   264       6.777520e-01
   93 172   265       6.107450e-01
   93 173   266       4.731390e-01
   93 174   267       4.446700e-01
   93 175   268       3.796480e-01
   93 176   269       3.636700e-01
   93 177   270       2.949690e-01
   93 178   271       2.715370e-01
   93 179   272       2.177290e-01
   93 180   273       2.057820e-01
   93 181   274       1.735320e-01
   93 182   275       1.536930e-01
   93 183   276       1.290860e-01
   93 184   277       1.166520e-01
   93 185   278       8.520150e-02
   93 186   279       5.414300e-02
   93 187   280       4.178760e-02
   93 188   281       3.326640e-02
   93 189   282       2.652860e-02
   93 190   283       2.298830e-02
   93 191   284       1.893770e-02
   93 192   285       1.941100e-02
   93 193   286       1.777930e-02
   93 194   287       1.722650e-02
   93 195   288       1.664740e-02
   93 196   289       1.524190e-02
   93 197   290       1.368310e-02
   93 198   291       1.244050e-02
   93 199   292       1.120740e-02
   93 200   293       1.124960e-02
   93 201   294       9.777600e-03
   93 202   295       9.184540e-03
   93 203   296       8.035490e-03
   93 204   297       7.583540e-03
   93 205   298       6.705300e-03
   93 206   299       6.345010e-03
   93 207   300       5.874790e-03
   93 208   301       5.392930e-03
   93 209   302       5.006430e-03
   94 152   246       8.281230e+05
   94 153   247       2.179290e+02
   94 154   248       2.619330e+03
   94 155   249       1.348910e+02
   94 156   250       3.427140e+02
   94 157   251       6.746450e+01
   94 158   252       8.367860e+01
   94 159   253       2.553490e+01
   94 160   254       2.937810e+01
   94 161   255       1.498570e+01
   94 162   256       1.393370e+01
   94 163   257       6.887460e+00
   94 164   258       8.100790e+00
   94 165   259       4.424960e+00
   94 166   260       5.035630e+00
   94 167   261       2.967770e+00
   94 168   262       3.090050e+00
   94 169   263       2.092990e+00
   94 170   264       1.883560e+00
   94 171   265       1.281820e+00
   94 172   266       1.193020e+00
   94 173   267       8.640030e-01
   94 174   268       9.468310e-01
   94 175   269       6.632890e-01
   94 176   270       6.317390e-01
   94 177   271       4.947690e-01
   94 178   272       5.068970e-01
   94 179   273       3.956020e-01
   94 180   274       3.460360e-01
   94 181   275       2.721930e-01
   94 182   276       2.458310e-01
   94 183   277       2.044600e-01
   94 184   278       1.824030e-01
   94 185   279       1.261900e-01
   94 186   280       7.688940e-02
   94 187   281       5.887480e-02
   94 188   282       4.573100e-02
   94 189   283       3.633240e-02
   94 190   284       3.086380e-02
   94 191   285       2.513900e-02
   94 192   286       2.255610e-02
   94 193   287       2.413080e-02
   94 194   288       2.398530e-02
   94 195   289       2.211700e-02
   94 196   290       2.088330e-02
   94 197   291       1.860430e-02
   94 198   292       1.730500e-02
   94 199   293       1.511180e-02
   94 200   294       1.402210e-02
   94 201   295       1.211600e-02
   94 202   296       1.139020e-02
   94 203   297       9.915080e-03
   94 204   298       9.318730e-03
   94 205   299       8.184180e-03
   94 206   300       7.716590e-03
   94 207   301       6.987750e-03
   94 208   302       6.489690e-03
   94 209   303       5.865980e-03
   94 210   304       5.530690e-03
   94 211   305       5.003750e-03
   95 152   247       3.159410e+04
   95 153   248       3.009180e+02
   95 154   249       2.658870e+03
   95 155   250       1.597140e+02
   95 156   251       4.420760e+02
   95 157   252       7.494800e+01
   95 158   253       7.452860e+01
   95 159   254       2.636590e+01
   95 160   255       2.870070e+01
   95 161   256       1.427980e+01
   95 162   257       1.464850e+01
   95 163   258       1.279030e+01
   95 164   259       8.989810e+00
   95 165   260       5.359730e+00
   95 166   261       5.968130e+00
   95 167   262       3.704180e+00
   95 168   263       3.829940e+00
   95 169   264       2.722740e+00
   95 170   265       2.395770e+00
   95 171   266       1.686390e+00
   95 172   267       1.531550e+00
   95 173   268       1.172080e+00
   95 174   269       1.134260e+00
   95 175   270       8.037040e-01
   95 176   271       7.733720e-01
   95 177   272       6.330140e-01
   95 178   273       5.823430e-01
   95 179   274       4.590580e-01
   95 180   275       4.504260e-01
   95 181   276       3.689960e-01
   95 182   277       3.293480e-01
   95 183   278       2.737270e-01
   95 184   279       2.446730e-01
   95 185   280       7.709890e-02
   95 186   281       9.473920e-02
   95 187   282       7.126710e-02
   95 188   283       5.526470e-02
   95 189   284       4.375550e-02
   95 190   285       3.690170e-02
   95 191   286       3.062630e-02
   95 192   287       3.534080e-02
   95 193   288       3.062530e-02
   95 194   289       3.192230e-02
   95 195   290       2.814990e-02
   95 196   291       2.604210e-02
   95 197   292       2.498700e-02
   95 198   293       2.283460e-02
   95 199   294       2.001950e-02
   95 200   295       1.810170e-02
   95 201   296       1.550630e-02
   95 202   297       1.443910e-02
   95 203   298       1.248450e-02
   95 204   299       1.161370e-02
   95 205   300       1.014170e-02
   95 206   301       9.479440e-03
   95 207   302       8.564320e-03
   95 208   303       7.873560e-03
   95 209   304       7.091470e-03
   95 210   305       6.637270e-03
   95 211   306       5.978220e-03
   95 212   307       5.650010e-03
   95 213   308       5.175290e-03
   96 156   252       2.903070e+05
   96 157   253       6.610590e+02
   96 158   254       4.860150e+03
   96 159   255       2.520940e+02
   96 160   256       5.957510e+02
   96 161   257       1.787370e+02
   96 162   258       1.465510e+02
   96 163   259       3.684680e+01
   96 164   260       5.519810e+01
   96 165   261       1.422100e+01
   96 166   262       2.676310e+01
   96 167   263       1.079040e+01
   96 168   264       1.349370e+01
   96 169   265       7.808960e+00
   96 170   266       7.038800e+00
   96 171   267       4.238800e+00
   96 172   268       3.957060e+00
   96 173   269       2.574720e+00
   96 174   270       2.790590e+00
   96 175   271       1.726910e+00
   96 176   272       1.659550e+00
   96 177   273       1.236810e+00
   96 178   274       1.114130e+00
   96 179   275       8.462580e-01
   96 180   276       8.989420e-01
   96 181   277       6.803070e-01
   96 182   278       6.019470e-01
   96 183   279       4.670470e-01
   96 184   280       4.279740e-01
   96 185   281       1.153840e-01
   96 186   282       1.436840e-01
   96 187   283       1.050020e-01
   96 188   284       7.910750e-02
   96 189   285       6.166710e-02
   96 190   286       5.130650e-02
   96 191   287       4.983400e-02
   96 192   288       4.913670e-02
   96 193   289       4.356950e-02
   96 194   290       4.373610e-02
   96 195   291       3.935980e-02
   96 196   292       3.745490e-02
   96 197   293       3.259530e-02
   96 198   294       3.016600e-02
   96 199   295       2.587180e-02
   96 200   296       2.398470e-02
   96 201   297       2.034540e-02
   96 202   298       1.907150e-02
   96 203   299       1.627770e-02
   96 204   300       1.524770e-02
   96 205   301       1.325250e-02
   96 206   302       1.234680e-02
   96 207   303       1.108420e-02
   96 208   304       1.018000e-02
   96 209   305       9.078250e-03
   96 210   306       8.503400e-03
   96 211   307       7.563100e-03
   96 212   308       7.166530e-03
   96 213   309       6.382210e-03
   97 157   254       5.571470e+02
   97 158   255       7.398480e+02
   97 159   256       1.653820e+02
   97 160   257       2.251460e+02
   97 161   258       9.463990e+01
   97 162   259       9.404430e+01
   97 163   260       4.793170e+01
   97 164   261       4.080230e+01
   97 165   262       2.149160e+01
   97 166   263       1.894250e+01
   97 167   264       1.528180e+01
   97 168   265       1.889180e+01
   97 169   266       1.270830e+01
   97 170   267       1.086120e+01
   97 171   268       6.940060e+00
   97 172   269       6.227810e+00
   97 173   270       3.104110e+00
   97 174   271       4.097330e+00
   97 175   272       2.464380e+00
   97 176   273       2.183620e+00
   97 177   274       1.601490e+00
   97 178   275       1.393480e+00
   97 179   276       1.076730e+00
   97 180   277       1.142440e+00
   97 181   278       8.930440e-01
   97 182   279       7.901180e-01
   97 183   280       6.113790e-01
   97 184   281       5.614290e-01
   97 185   282       1.535680e-01
   97 186   283       1.807210e-01
   97 187   284       9.779710e-02
   97 188   285       9.800820e-02
   97 189   286       7.740210e-02
   97 190   287       6.316540e-02
   97 191   288       6.697280e-02
   97 192   289       7.017090e-02
   97 193   290       5.961900e-02
   97 194   291       5.921310e-02
   97 195   292       5.452710e-02
   97 196   293       4.995220e-02
   97 197   294       4.334470e-02
   97 198   295       3.947260e-02
   97 199   296       3.400150e-02
   97 200   297       3.104470e-02
   97 201   298       2.615290e-02
   97 202   299       2.441910e-02
   97 203   300       2.073900e-02
   97 204   301       1.929990e-02
   97 205   302       1.668260e-02
   97 206   303       1.547230e-02
   97 207   304       1.386180e-02
   97 208   305       1.262860e-02
   97 209   306       1.122550e-02
   97 210   307       1.044510e-02
   97 211   308       9.246500e-03
   97 212   309       8.711860e-03
   97 213   310       7.710150e-03
   97 214   311       7.293050e-03
   97 215   312       6.575290e-03
   97 216   313       6.139760e-03
   97 217   314       5.555600e-03
   98 162   260       3.779790e+04
   98 163   261       6.063130e+02
   98 164   262       1.476510e+03
   98 165   263       2.169600e+02
   98 166   264       2.228300e+02
   98 167   265       1.217090e+02
   98 168   266       6.380210e+01
   98 169   267       4.503980e+01
   98 170   268       3.786210e+01
   98 171   269       1.909990e+01
   98 172   270       1.859420e+01
   98 173   271       1.037740e+01
   98 174   272       1.127390e+01
   98 175   273       5.522300e+00
   98 176   274       5.527580e+00
   98 177   275       3.364770e+00
   98 178   276       3.316370e+00
   98 179   277       2.519350e+00
   98 180   278       2.951360e+00
   98 181   279       2.095490e+00
   98 182   280       1.800450e+00
   98 183   281       1.316350e+00
   98 184   282       1.187530e+00
   98 185   283       2.373520e-01
   98 186   284       2.897170e-01
   98 187   285       1.539260e-01
   98 188   286       1.462370e-01
   98 189   287       1.122350e-01
   98 190   288       9.019330e-02
   98 191   289       9.939980e-02
   98 192   290       9.747020e-02
   98 193   291       8.555980e-02
   98 194   292       8.466350e-02
   98 195   293       7.813590e-02
   98 196   294       7.090230e-02
   98 197   295       6.012270e-02
   98 198   296       5.527740e-02
   98 199   297       4.655940e-02
   98 200   298       4.258980e-02
   98 201   299       3.515430e-02
   98 202   300       3.285290e-02
   98 203   301       2.756330e-02
   98 204   302       2.551620e-02
   98 205   303       2.172320e-02
   98 206   304       2.016770e-02
   98 207   305       1.788130e-02
   98 208   306       1.628650e-02
   98 209   307       1.437630e-02
   98 210   308       1.333280e-02
   98 211   309       1.172270e-02
   98 212   310       1.100300e-02
   98 213   311       9.649080e-03
   98 214   312       9.110360e-03
   98 215   313       8.013210e-03
   98 216   314       7.590430e-03
   98 217   315       6.817000e-03
   99 161   260       8.931800e+02
   99 162   261       1.607140e+04
   99 163   262       4.790720e+02
   99 164   263       3.197170e+03
   99 165   264       5.157080e+02
   99 166   265       5.151770e+02
   99 167   266       1.344720e+02
   99 168   267       1.162250e+02
   99 169   268       4.906120e+01
   99 170   269       3.629500e+01
   99 171   270       3.156280e+01
   99 172   271       1.753590e+01
   99 173   272       1.652500e+01
   99 174   273       1.360380e+01
   99 175   274       6.896000e+00
   99 176   275       6.212650e+00
   99 177   276       3.560970e+00
   99 178   277       3.548610e+00
   99 179   278       2.567970e+00
   99 180   279       2.558390e+00
   99 181   280       2.438720e+00
   99 182   281       2.116890e+00
   99 183   282       1.547050e+00
   99 184   283       1.415810e+00
   99 185   284       3.203850e-01
   99 186   285       3.778490e-01
   99 187   286       2.004960e-01
   99 188   287       1.881220e-01
   99 189   288       1.297570e-01
   99 190   289       1.148030e-01
   99 191   290       1.513860e-01
   99 192   291       1.371050e-01
   99 193   292       1.203120e-01
   99 194   293       1.165850e-01
   99 195   294       1.075060e-01
   99 196   295       9.690710e-02
   99 197   296       7.986390e-02
   99 198   297       7.287550e-02
   99 199   298       6.190230e-02
   99 200   299       5.506350e-02
   99 201   300       4.501420e-02
   99 202   301       4.318050e-02
   99 203   302       3.593380e-02
   99 204   303       3.291500e-02
   99 205   304       2.789090e-02
   99 206   305       2.557730e-02
   99 207   306       2.243370e-02
   99 208   307       2.028990e-02
   99 209   308       1.777700e-02
   99 210   309       1.635540e-02
   99 211   310       1.428380e-02
   99 212   311       1.329850e-02
   99 213   312       1.158550e-02
   99 214   313       1.087800e-02
   99 215   314       9.505420e-03
   99 216   315       8.977580e-03
   99 217   316       7.903680e-03
   99 218   317       7.508200e-03
   99 219   318       6.697910e-03
  100 168   268       4.122120e+03
  100 169   269       2.814360e+02
  100 170   270       2.659900e+02
  100 171   271       4.092380e+01
  100 172   272       4.482900e+02
  100 173   273       4.292980e+01
  100 174   274       8.455440e+01
  100 175   275       2.390610e+01
  100 176   276       2.883810e+01
  100 177   277       1.309760e+01
  100 178   278       1.366600e+01
  100 179   279       8.333730e+00
  100 180   280       8.941050e+00
  100 181   281       8.827110e+00
  100 182   282       7.193730e+00
  100 183   283       4.768540e+00
  100 184   284       4.218980e+00
  100 185   285       5.399320e-01
  100 186   286       6.601590e-01
  100 187   287       3.866870e-01
  100 188   288       2.984820e-01
  100 189   289       2.355630e-01
  100 190   290       1.714590e-01
  100 191   291       2.511200e-01
  100 192   292       2.828400e-01
  100 193   293       1.850780e-01
  100 194   294       2.002690e-01
  100 195   295       1.628110e-01
  100 196   296       1.448700e-01
  100 197   297       1.191430e-01
  100 198   298       1.072930e-01
  100 199   299       8.690890e-02
  100 200   300       7.928010e-02
  100 201   301       6.390480e-02
  100 202   302       5.916370e-02
  100 203   303       4.895840e-02
  100 204   304       4.477770e-02
  100 205   305       3.782950e-02
  100 206   306       3.451050e-02
  100 207   307       3.017460e-02
  100 208   308       2.720560e-02
  100 209   309       2.372950e-02
  100 210   310       2.172300e-02
  100 211   311       1.883760e-02
  100 212   312       1.747850e-02
  100 213   313       1.502870e-02
  100 214   314       1.410710e-02
  100 215   315       1.222370e-02
  100 216   316       1.148820e-02
  100 217   317       1.004080e-02
  100 218   318       9.477500e-03
  100 219   319       8.591040e-03
  100 220   320       7.958970e-03
  100 221   321       7.274160e-03
  100 222   322       6.765660e-03
  100 223   323       6.220390e-03
  101 167   268       1.407470e+03
  101 168   269       1.492770e+03
  101 169   270       4.431530e+02
  101 170   271       7.584980e+02
  101 171   272       5.519050e+01
  101 172   273       1.595120e+02
  101 173   274       2.920450e+01
  101 174   275       6.293480e+01
  101 175   276       2.343200e+01
  101 176   277       2.215390e+01
  101 177   278       1.283980e+01
  101 178   279       1.060310e+01
  101 179   280       7.183050e+00
  101 180   281       8.667870e+00
  101 181   282       7.394890e+00
  101 182   283       6.090330e+00
  101 183   284       4.324550e+00
  101 184   285       3.774740e+00
  101 185   286       7.617490e-01
  101 186   287       8.933280e-01
  101 187   288       4.621650e-01
  101 188   289       4.047370e-01
  101 189   290       2.848110e-01
  101 190   291       2.282600e-01
  101 191   292       3.717520e-01
  101 192   293       3.115580e-01
  101 193   294       2.590820e-01
  101 194   295       2.367400e-01
  101 195   296       2.222660e-01
  101 196   297       1.833450e-01
  101 197   298       1.602100e-01
  101 198   299       1.394110e-01
  101 199   300       1.158040e-01
  101 200   301       1.042140e-01
  101 201   302       8.415640e-02
  101 202   303       7.753700e-02
  101 203   304       6.815360e-02
  101 204   305       5.764450e-02
  101 205   306       5.065680e-02
  101 206   307       4.392970e-02
  101 207   308       3.800140e-02
  101 208   309       3.390090e-02
  101 209   310       2.936420e-02
  101 210   311       2.654210e-02
  101 211   312       2.284920e-02
  101 212   313       2.096030e-02
  101 213   314       1.791760e-02
  101 214   315       1.669590e-02
  101 215   316       1.435950e-02
  101 216   317       1.344490e-02
  101 217   318       1.168570e-02
  101 218   319       1.101650e-02
  101 219   320       1.003890e-02
  101 220   321       9.209090e-03
  101 221   322       8.446430e-03
  101 222   323       7.806050e-03
  101 223   324       7.197200e-03
  101 224   325       6.652670e-03
  101 225   326       6.237200e-03
  102 172   274       2.275710e+03
  102 173   275       2.379870e+02
  102 174   276       3.262680e+03
  102 175   277       1.399730e+02
  102 176   278       4.066480e+02
  102 177   279       8.606680e+01
  102 178   280       1.104020e+02
  102 179   281       4.413390e+01
  102 180   282       5.642500e+01
  102 181   283       7.010650e+01
  102 182   284       5.104860e+01
  102 183   285       2.663760e+01
  102 184   286       2.251840e+01
  102 185   287       1.345560e+00
  102 186   288       1.777570e+00
  102 187   289       1.107210e+00
  102 188   290       6.901350e-01
  102 189   291       1.022900e+00
  102 190   292       3.649940e-01
  102 191   293       6.626210e-01
  102 192   294       5.602460e-01
  102 193   295       4.656310e-01
  102 194   296       4.921520e-01
  102 195   297       3.152750e-01
  102 196   298       3.334200e-01
  102 197   299       2.694080e-01
  102 198   300       2.236100e-01
  102 199   301       1.878130e-01
  102 200   302       1.661180e-01
  102 201   303       1.328210e-01
  102 202   304       1.196550e-01
  102 203   305       9.572100e-02
  102 204   306       8.711580e-02
  102 205   307       7.027750e-02
  102 206   308       6.545090e-02
  102 207   309       5.580650e-02
  102 208   310       4.981900e-02
  102 209   311       4.252950e-02
  102 210   312       3.829590e-02
  102 211   313       3.250320e-02
  102 212   314       2.964210e-02
  102 213   315       2.495600e-02
  102 214   316       2.310900e-02
  102 215   317       1.964310e-02
  102 216   318       1.824100e-02
  102 217   319       1.577240e-02
  102 218   320       1.469530e-02
  102 219   321       1.332220e-02
  102 220   322       1.211170e-02
  102 221   323       1.107220e-02
  102 222   324       1.013940e-02
  102 223   325       9.336660e-03
  102 224   326       8.543030e-03
  102 225   327       8.033630e-03
  102 226   328       7.217500e-03
  102 227   329       6.833580e-03
  103 171   274       1.608820e+02
  103 172   275       4.448390e+03
  103 173   276       8.528530e+01
  103 174   277       4.647350e+02
  103 175   278       1.443990e+02
  103 176   279       1.581120e+02
  103 177   280       6.479500e+01
  103 178   281       6.429040e+01
  103 179   282       4.128500e+01
  103 180   283       2.779390e+01
  103 181   284       1.724800e+01
  103 182   285       1.795550e+01
  103 183   286       1.153610e+01
  103 184   287       1.038790e+01
  103 185   288       1.997700e+00
  103 186   289       2.570440e+00
  103 187   290       1.085240e+00
  103 188   291       1.028240e+00
  103 189   292       8.194880e-01
  103 190   293       1.378860e+00
  103 191   294       9.691230e-01
  103 192   295       8.556030e-01
  103 193   296       6.471540e-01
  103 194   297       5.660990e-01
  103 195   298       4.635220e-01
  103 196   299       4.008620e-01
  103 197   300       3.205570e-01
  103 198   301       2.950980e-01
  103 199   302       2.696450e-01
  103 200   303       2.256710e-01
  103 201   304       1.925380e-01
  103 202   305       1.686140e-01
  103 203   306       1.383300e-01
  103 204   307       1.242590e-01
  103 205   308       1.005850e-01
  103 206   309       9.170080e-02
  103 207   310       7.695320e-02
  103 208   311       6.830460e-02
  103 209   312       5.766890e-02
  103 210   313       5.119420e-02
  103 211   314       4.299000e-02
  103 212   315       3.851380e-02
  103 213   316       3.210360e-02
  103 214   317       2.925560e-02
  103 215   318       2.449040e-02
  103 216   319       2.260260e-02
  103 217   320       1.965490e-02
  103 218   321       1.792780e-02
  103 219   322       1.655630e-02
  103 220   323       1.463060e-02
  103 221   324       1.355730e-02
  103 222   325       1.213430e-02
  103 223   326       1.123680e-02
  103 224   327       1.014730e-02
  103 225   328       9.703420e-03
  103 226   329       8.519950e-03
  103 227   330       8.193570e-03
  103 228   331       7.185040e-03
  103 229   332       6.527050e-03
  104 178   282       6.518550e+03
  104 179   283       3.639490e+02
  104 180   284       1.036750e+03
  104 181   285       2.520440e+02
  104 182   286       1.769020e+03
  104 183   287       4.227420e+02
  104 184   288       3.095470e+02
  104 185   289       3.799420e+00
  104 186   290       6.472210e+00
  104 187   291       2.481200e+00
  104 188   292       1.988490e+00
  104 189   293       2.077370e+00
  104 190   294       2.386240e+00
  104 191   295       1.680380e+00
  104 192   296       1.446970e+00
  104 193   297       1.126870e+00
  104 194   298       8.949070e-01
  104 195   299       7.713650e-01
  104 196   300       5.936070e-01
  104 197   301       4.930690e-01
  104 198   302       4.312890e-01
  104 199   303       3.439420e-01
  104 200   304       3.337970e-01
  104 201   305       3.032750e-01
  104 202   306       2.608650e-01
  104 203   307       2.108880e-01
  104 204   308       1.885050e-01
  104 205   309       1.482050e-01
  104 206   310       1.345960e-01
  104 207   311       1.062080e-01
  104 208   312       9.751040e-02
  104 209   313       8.043680e-02
  104 210   314       7.147230e-02
  104 211   315       5.884560e-02
  104 212   316       5.297150e-02
  104 213   317       4.341690e-02
  104 214   318       3.974660e-02
  104 215   319       3.327300e-02
  104 216   320       3.042400e-02
  104 217   321       2.604500e-02
  104 218   322       2.395830e-02
  104 219   323       2.205030e-02
  104 220   324       1.943110e-02
  104 221   325       1.753910e-02
  104 222   326       1.602420e-02
  104 223   327       1.446450e-02
  104 224   328       1.329880e-02
  104 225   329       1.209430e-02
  104 226   330       1.105570e-02
  104 227   331       9.988350e-03
  104 228   332       9.223510e-03
  104 229   333       8.284440e-03
  104 230   334       7.726410e-03
  104 231   335       7.477800e-03
  105 177   282       4.765730e+02
  105 178   283       3.956760e+02
  105 179   284       1.609510e+02
  105 180   285       7.608900e+01
  105 181   286       5.733400e+01
  105 182   287       8.381390e+03
  105 183   288       3.619350e+01
  105 184   289       1.880610e+03
  105 185   290       4.495170e+00
  105 186   291       9.189690e+00
  105 187   292       4.431820e+00
  105 188   293       2.732950e+00
  105 189   294       2.205550e+00
  105 190   295       4.013150e+00
  105 191   296       1.960390e+00
  105 192   297       2.191010e+00
  105 193   298       1.911210e+00
  105 194   299       1.270870e+00
  105 195   300       1.233230e+00
  105 196   301       7.897990e-01
  105 197   302       6.619640e-01
  105 198   303       5.288550e-01
  105 199   304       4.362000e-01
  105 200   305       3.818670e-01
  105 201   306       3.077430e-01
  105 202   307       2.939910e-01
  105 203   308       2.651380e-01
  105 204   309       2.602830e-01
  105 205   310       1.984530e-01
  105 206   311       1.799620e-01
  105 207   312       1.591000e-01
  105 208   313       1.260850e-01
  105 209   314       1.027410e-01
  105 210   315       1.045380e-01
  105 211   316       8.554920e-02
  105 212   317       7.632360e-02
  105 213   318       6.246650e-02
  105 214   319       5.658930e-02
  105 215   320       4.984370e-02
  105 216   321       4.289790e-02
  105 217   322       3.803470e-02
  105 218   323       3.333820e-02
  105 219   324       2.880830e-02
  105 220   325       2.654820e-02
  105 221   326       2.403310e-02
  105 222   327       2.144580e-02
  105 223   328       1.932270e-02
  105 224   329       1.739080e-02
  105 225   330       1.581770e-02
  105 226   331       1.413540e-02
  105 227   332       1.274140e-02
  105 228   333       1.154050e-02
  105 229   334       1.029760e-02
  105 230   335       9.495650e-03
  105 231   336       9.309540e-03
  106 180   286       1.919720e+06
  106 181   287       7.936630e+03
  106 182   288       2.838040e+08
  106 183   289       7.099600e+05
  106 184   290       1.022540e+04
  106 185   291       1.046700e+02
  106 186   292       4.013520e+01
  106 187   293       7.986090e+00
  106 188   294       8.364810e+00
  106 189   295       8.153170e+00
  106 190   296       7.835850e+00
  106 191   297       4.450180e+00
  106 192   298       4.245620e+00
  106 193   299       2.340390e+00
  106 194   300       5.855360e+00
  106 195   301       1.574360e+00
  106 196   302       3.173730e+00
  106 197   303       9.988560e-01
  106 198   304       1.801390e+00
  106 199   305       7.212950e-01
  106 200   306       6.567400e-01
  106 201   307       5.343510e-01
  106 202   308       5.188870e-01
  106 203   309       5.186870e-01
  106 204   310       4.452270e-01
  106 205   311       3.391230e-01
  106 206   312       2.979480e-01
  106 207   313       2.297610e-01
  106 208   314       2.054800e-01
  106 209   315       1.624900e-01
  106 210   316       1.447090e-01
  106 211   317       1.154450e-01
  106 212   318       1.047070e-01
  106 213   319       8.385720e-02
  106 214   320       7.764050e-02
  106 215   321       6.458240e-02
  106 216   322       5.885690e-02
  106 217   323       5.041170e-02
  106 218   324       4.572940e-02
  106 219   325       3.945980e-02
  106 220   326       3.633900e-02
  106 221   327       3.275590e-02
  106 222   328       2.903850e-02
  106 223   329       2.596760e-02
  106 224   330       2.321870e-02
  106 225   331       2.091620e-02
  106 226   332       1.858530e-02
  106 227   333       1.655850e-02
  106 228   334       1.496520e-02
  106 229   335       1.323770e-02
  106 230   336       1.217880e-02
  106 231   337       1.077660e-02
  106 232   338       1.004550e-02
  106 233   339       8.920570e-03
  107 183   290       4.923390e+06
  107 184   291       1.392390e+06
  107 185   292       2.574640e+01
  107 186   293       4.267510e+01
  107 187   294       1.454540e+01
  107 188   295       2.383040e+01
  107 189   296       1.044740e+01
  107 190   297       1.301490e+01
  107 191   298       5.758780e+00
  107 192   299       1.243820e+01
  107 193   300       3.520350e+00
  107 194   301       6.123400e+00
  107 195   302       2.110620e+00
  107 196   303       3.245100e+00
  107 197   304       1.434410e+00
  107 198   305       1.876140e+00
  107 199   306       1.084420e+00
  107 200   307       1.201370e+00
  107 201   308       6.666710e-01
  107 202   309       6.138130e-01
  107 203   310       8.012160e-01
  107 204   311       6.285640e-01
  107 205   312       5.054090e-01
  107 206   313       4.260400e-01
  107 207   314       3.306080e-01
  107 208   315       3.009560e-01
  107 209   316       2.308760e-01
  107 210   317       2.059210e-01
  107 211   318       1.611160e-01
  107 212   319       1.476610e-01
  107 213   320       1.170350e-01
  107 214   321       1.102770e-01
  107 215   322       8.787480e-02
  107 216   323       8.392360e-02
  107 217   324       7.272330e-02
  107 218   325       6.527860e-02
  107 219   326       5.624240e-02
  107 220   327       5.138180e-02
  107 221   328       4.650550e-02
  107 222   329       4.039030e-02
  107 223   330       3.600660e-02
  107 224   331       3.165370e-02
  107 225   332       2.850020e-02
  107 226   333       2.483400e-02
  107 227   334       2.196630e-02
  107 228   335       1.957730e-02
  107 229   336       1.712460e-02
  107 230   337       1.561510e-02
  107 231   338       1.354530e-02
  107 232   339       1.263330e-02
  107 233   340       1.139630e-02
  108 184   292       5.931780e+04
  108 185   293       5.989960e+01
  108 186   294       1.788090e+03
  108 187   295       3.559900e+01
  108 188   296       8.801520e+01
  108 189   297       4.665690e+01
  108 190   298       1.851820e+01
  108 191   299       1.487730e+01
  108 192   300       1.378030e+02
  108 193   301       1.259480e+01
  108 194   302       4.607290e+01
  108 195   303       9.864880e+00
  108 196   304       1.841060e+01
  108 197   305       3.639820e+00
  108 198   306       8.263970e+00
  108 199   307       1.450620e+00
  108 200   308       3.853710e+00
  108 201   309       1.495540e+00
  108 202   310       2.179750e+00
  108 203   311       7.677560e-01
  108 204   312       1.264140e+00
  108 205   313       9.032850e-01
  108 206   314       7.710590e-01
  108 207   315       5.652680e-01
  108 208   316       4.931870e-01
  108 209   317       3.646690e-01
  108 210   318       3.297150e-01
  108 211   319       2.499000e-01
  108 212   320       2.291880e-01
  108 213   321       1.760510e-01
  108 214   322       1.648580e-01
  108 215   323       1.280530e-01
  108 216   324       1.213940e-01
  108 217   325       9.521770e-02
  108 218   326       9.108220e-02
  108 219   327       7.692390e-02
  108 220   328       6.906600e-02
  108 221   329       6.029140e-02
  108 222   330       5.253540e-02
  108 223   331       4.478950e-02
  108 224   332       4.016630e-02
  108 225   333       3.365600e-02
  108 226   334       3.103700e-02
  108 227   335       2.651670e-02
  108 228   336       2.434030e-02
  108 229   337       2.059550e-02
  108 230   338       1.942000e-02
  108 231   339       1.673810e-02
  108 232   340       1.575350e-02
  108 233   341       1.430070e-02
  108 234   342       1.294330e-02
  108 235   343       1.177030e-02
  108 236   344       1.072020e-02
  108 237   345       9.787590e-03
  109 185   294       1.794100e+02
  109 186   295       2.350420e+02
  109 187   296       5.907830e+01
  109 188   297       5.232710e+02
  109 189   298       4.397240e+01
  109 190   299       2.461300e+01
  109 191   300       5.211080e+01
  109 192   301       1.045680e+02
  109 193   302       6.330760e+01
  109 194   303       4.849420e+01
  109 195   304       1.222940e+01
  109 196   305       2.075270e+01
  109 197   306       6.567590e+00
  109 198   307       8.656650e+00
  109 199   308       2.176270e+00
  109 200   309       2.705920e+00
  109 201   310       1.423600e+00
  109 202   311       1.891790e+00
  109 203   312       1.062700e+00
  109 204   313       1.097220e+00
  109 205   314       1.382730e+00
  109 206   315       1.186900e+00
  109 207   316       8.489600e-01
  109 208   317       7.467970e-01
  109 209   318       5.303820e-01
  109 210   319       4.908860e-01
  109 211   320       3.634510e-01
  109 212   321       3.355610e-01
  109 213   322       2.540060e-01
  109 214   323       2.366770e-01
  109 215   324       1.823790e-01
  109 216   325       1.828510e-01
  109 217   326       1.452170e-01
  109 218   327       1.314050e-01
  109 219   328       1.088130e-01
  109 220   329       9.483550e-02
  109 221   330       8.118980e-02
  109 222   331       6.861730e-02
  109 223   332       5.734560e-02
  109 224   333       5.025180e-02
  109 225   334       4.142520e-02
  109 226   335       3.766370e-02
  109 227   336       3.181630e-02
  109 228   337       2.895380e-02
  109 229   338       2.437650e-02
  109 230   339       2.285080e-02
  109 231   340       1.949120e-02
  109 232   341       1.844650e-02
  109 233   342       1.674500e-02
  109 234   343       1.511700e-02
  109 235   344       1.385850e-02
  109 236   345       1.249160e-02
  109 237   346       1.148660e-02
  109 238   347       1.040900e-02
  109 239   348       9.600640e-03
  110 190   300       6.377430e+02
  110 191   301       6.213950e+02
  110 192   302       9.498520e+02
  110 193   303       5.383820e+02
  110 194   304       4.514030e+02
  110 195   305       2.947910e+01
  110 196   306       1.467100e+02
  110 197   307       2.523110e+01
  110 198   308       5.628210e+01
  110 199   309       9.298520e+00
  110 200   310       2.528000e+01
  110 201   311       2.815080e+00
  110 202   312       3.571720e+00
  110 203   313       1.866480e+00
  110 204   314       4.942600e+00
  110 205   315       3.082440e+00
  110 206   316       2.567190e+00
  110 207   317       1.673770e+00
  110 208   318       1.443180e+00
  110 209   319       9.853400e-01
  110 210   320       8.698640e-01
  110 211   321       5.968430e-01
  110 212   322       5.586050e-01
  110 213   323       4.014030e-01
  110 214   324       3.753350e-01
  110 215   325       2.781590e-01
  110 216   326       2.594320e-01
  110 217   327       1.948180e-01
  110 218   328       1.816140e-01
  110 219   329       1.478760e-01
  110 220   330       1.277780e-01
  110 221   331       1.088930e-01
  110 222   332       9.123270e-02
  110 223   333       7.613670e-02
  110 224   334       6.694160e-02
  110 225   335       5.519470e-02
  110 226   336       5.054200e-02
  110 227   337       4.297600e-02
  110 228   338       3.926830e-02
  110 229   339       3.321160e-02
  110 230   340       3.114530e-02
  110 231   341       2.633920e-02
  110 232   342       2.504090e-02
  110 233   343       2.279660e-02
  110 234   344       2.026920e-02
  110 235   345       1.777870e-02
  110 236   346       1.645650e-02
  110 237   347       1.516360e-02
  110 238   348       1.337280e-02
  110 239   349       1.229540e-02
  110 240   350       1.096030e-02
  110 241   351       9.592860e-03
  110 242   352       9.126780e-03
  110 243   353       8.198220e-03
  110 244   354       7.811520e-03
  110 245   355       7.163830e-03
  110 246   356       6.802690e-03
  110 247   357       6.414390e-03
  110 248   358       6.070530e-03
  110 249   359       6.068830e-03
  110 250   360       6.166240e-03
  110 251   361       5.540420e-03
  110 252   362       5.249590e-03
  110 253   363       4.730380e-03
  110 254   364       4.449770e-03
  110 255   365       4.044410e-03
  110 256   366       3.795490e-03
  110 257   367       3.475440e-03
  110 258   368       3.245310e-03
  110 259   369       2.855430e-03
